documentTitle,current_iri,doc_created,doc_modified,publisher,license_statement,license_uri,citation,creator,comment,accessUrl,browserRedirectUri,dcterms_isPartOf,abstract
Standards Documentation Specification,http://rs-test.tdwg.org/sds/doc/specification/,2007-11-05,2017-04-25,Biodiversity Information Standards (TDWG),Licensed under a Creative Commons Attribution 4.0 International (CC BY) License.,http://creativecommons.org/licenses/by/4.0/,Vocabulary Maintenance Specification Task Group. 2017. Standards Documentation Specification. Biodiversity Information Standards (TDWG). http://rs-test.tdwg.org/sds/doc/specification/,TDWG Vocabulary Maintenance Specification Task Group,,https://raw.githubusercontent.com/tdwg/vocab/master/sds/documentation-specification.md,https://github.com/tdwg/vocab/blob/master/sds/documentation-specification.md,http://www.tdwg.org/standards/147,This document defines how TDWG standards are to be presented. It provides details about the hierarchical structure of standards and versioning of standards components. It specifies how the properties of standards and their components are to be described in human-readable and machine-readable terms.
Vocabulary Maintenance Specification,http://rs-test.tdwg.org/vms/doc/specification/,2017-04-25,2017-04-25,Biodiversity Information Standards (TDWG),Licensed under a Creative Commons Attribution 4.0 International (CC BY) License.,http://creativecommons.org/licenses/by/4.0/,Vocabulary Maintenance Specification Task Group. 2017. Vocabulary Maintenance Specification. Biodiversity Information Standards (TDWG). http://rs-test.tdwg.org/vms/doc/specification/,TDWG Vocabulary Maintenance Specification Task Group,,https://raw.githubusercontent.com/tdwg/vocab/master/vms/maintenance-specification.md,https://github.com/tdwg/vocab/blob/master/vms/maintenance-specification.md,http://www.tdwg.org/standards/642,This document describes the processes used to modify TDWG vocabularies and their associated documents.
Audubon Core Term List,http://rs-test.tdwg.org/ac/doc/termlist/,2013-10-23,2013-10-23,Biodiversity Information Standards (TDWG),Licensed under a Creative Commons Attribution-ShareAlike 4.0 International (CC BY-SA) License.,http://creativecommons.org/licenses/by-sa/4.0/,Multimedia Resources Task Group. 2013. Audubon Core Term List. Biodiversity Information Standards (TDWG). http://rs-test.tdwg.org/ac/doc/termlist/,GBIF/TDWG Multimedia Resources Task Group,,https://terms.tdwg.org/wiki/Audubon_Core_Term_List,https://tdwg.github.io/ac/termlist,http://www.tdwg.org/standards/638/,"The Audubon Core is a set of vocabularies designed to represent metadata for biodiversity multimedia resources and collections. It aims to represent information that will help to determine whether a particular resource or collection will be fit for some particular biodiversity science application before acquiring the media. Among others, the vocabularies address such concerns as the management of the media and collections, descriptions of their content, their taxonomic, geographic, and temporal coverage, and the appropriate ways to retrieve, attribute and reproduce them. This document contains a list of attributes of each Audubon Core term, including a documentation name, a specified URI, a recommended English label for user interfaces, a definition, and some ancillary notes. "
Audubon Core Structure,http://rs-test.tdwg.org/ac/doc/structure/,2013-10-23,2013-10-23,Biodiversity Information Standards (TDWG),Licensed under a Creative Commons Attribution-ShareAlike 4.0 International (CC BY-SA) License.,http://creativecommons.org/licenses/by-sa/4.0/,Multimedia Resources Task Group. 2013. Audubon Core Structure. Biodiversity Information Standards (TDWG). http://rs-test.tdwg.org/ac/doc/structure/,GBIF/TDWG Multimedia Resources Task Group,,https://terms.tdwg.org/wiki/Audubon_Core_Structure,https://tdwg.github.io/ac/structure,http://www.tdwg.org/standards/638/,"The Audubon Core is a set of vocabularies designed to represent metadata for biodiversity multimedia resources and collections. These vocabularies aim to represent information that will help to determine whether a particular resource or collection will be fit for some particular biodiversity science application before acquiring the media. Among others, the vocabularies address such concerns as the management of the media and collections, descriptions of their content, their taxonomic, geographic, and temporal coverage, and the appropriate ways to retrieve, attribute and reproduce them. This document contains material introductory to the Audubon Core Term List."
Audubon Core Introduction,http://rs-test.tdwg.org/ac/doc/introduction/,2013-10-23,2013-10-23,Biodiversity Information Standards (TDWG),Licensed under a Creative Commons Attribution-ShareAlike 4.0 International (CC BY-SA) License.,http://creativecommons.org/licenses/by-sa/4.0/,Multimedia Resources Task Group. 2013. Audubon Core Introduction. Biodiversity Information Standards (TDWG). http://rs-test.tdwg.org/ac/doc/introduction/,GBIF/TDWG Multimedia Resources Task Group,,https://terms.tdwg.org/wiki/Audubon_Core,https://tdwg.github.io/ac/introduction,http://www.tdwg.org/standards/638/,"The Audubon Core is a set of vocabularies designed to represent metadata for biodiversity multimedia resources and collections. These vocabularies aim to represent information that will help to determine whether a particular resource or collection will be fit for some particular biodiversity science application before acquiring the media. Among others, the vocabularies address such concerns as the management of the media and collections, descriptions of their content, their taxonomic, geographic, and temporal coverage, and the appropriate ways to retrieve, attribute and reproduce them. "
Audubon Core Guide,http://rs-test.tdwg.org/ac/doc/guide/,2013-10-15,2013-10-15,Biodiversity Information Standards (TDWG),Licensed under a Creative Commons Attribution-ShareAlike 4.0 International (CC BY-SA) License.,http://creativecommons.org/licenses/by-sa/4.0/,Multimedia Resources Task Group. 2013. Audubon Core Guide. Biodiversity Information Standards (TDWG). http://rs-test.tdwg.org/ac/doc/guide/,GBIF/TDWG Multimedia Resources Task Group,,https://species-id.net/o/media/2/2b/04_AudubonCore1.0NonNormative_docV1.95.doc,https://tdwg.github.io/ac/guide,http://www.tdwg.org/standards/638/,The Audubon Core is a set of vocabularies designed to represent metadata for biodiversity multimedia resources and collections. This non-normative document provides some background to the aims and uses of the standard.
Globally Unique Identifiers Applicability Statement,http://rs-test.tdwg.org/guid/doc/guidas/,2010-09-09,2010-09-09,Biodiversity Information Standards (TDWG),Licensed under a Creative Commons Attribution 3.0 Unported (CC BY) license,http://creativecommons.org/licenses/by/3.0/,Globally Unique Identifiers Task Group. 2011. Globally Unique Identifiers (GUID) Applicability Statement. Biodiversity Information Standards (TDWG). http://rs-test.tdwg.org/guid/doc/guidas/,TDWG Globally Unique Identifiers Task Group,,https://github.com/tdwg/guid-as/raw/master/guid/applicability_statement.doc,https://github.com/tdwg/guid-as/blob/master/guid/applicability_statement.doc,http://www.tdwg.org/standards/150,"This document provides guidance on how to use GUIDs (Globally Unique Identifiers) to meet specific requirements of the biodiversity information community.  It applies to GUIDs in general; there is, or will be, a separate document for the applicability of each specific GUID technology."
Life Sciences Identifiers (LSID) Applicability Statement,http://rs-test.tdwg.org/guid/doc/lsidas/,2009-09-03,2009-09-03,Biodiversity Information Standards (TDWG),Licensed under a Creative Commons Attribution 3.0 Unported (CC BY) license,http://creativecommons.org/licenses/by/3.0/,Globally Unique Identifiers Task Group. 2011. Life Science Identifiers (LSID) Applicability Statement. Biodiversity Information Standards (TDWG). http://rs-test.tdwg.org/guid/doc/lsidas/,TDWG Globally Unique Identifiers Task Group,,https://github.com/tdwg/guid-as/raw/master/lsid/applicability_statement.doc,https://github.com/tdwg/guid-as/blob/master/guid/applicability_statement.doc,http://www.tdwg.org/standards/150,This document pides guidance on how to use LSID to meet specific requirements of the biodiversity information community; and defines how to identify shared data objects in biodiversity information applications using Life Sciences Identifiers (LSID). It should be read in conjunction with the GUID Applicability Statement
Darwin Core Introduction,http://rs-test.tdwg.org/dwc/index/,2014-11-08,2014-11-08,Biodiversity Information Standards (TDWG),Licensed under a Creative Commons Attribution 4.0 International (CC BY) License.,http://creativecommons.org/licenses/by/4.0/,Darwin Core Task Group. 2014. Darwin Core Introduction. Biodiversity Information Standards (TDWG). http://rs-test.tdwg.org/dwc/index/,TDWG Darwin Core Task Group,,http://rs-test.tdwg.org/dwc/index.htm,http://tdwg.github.io/dwc/,http://www.tdwg.org/standards/450,"This document is a cover page, an entry-level document to the Darwin Core standard. It describes the purpose of the standard and orients the reader to the documents that cover specific topics within the standard, such as the quick guide to the list of terms."
Darwin Core RDF Guide,http://rs-test.tdwg.org/dwc/terms/guides/rdf/,2015-06-02,2015-06-02,Biodiversity Information Standards (TDWG),Licensed under a Creative Commons Attribution 4.0 International (CC BY) License.,http://creativecommons.org/licenses/by/4.0/,Darwin Core and RDF/OWL Task Groups. 2015. Darwin Core RDF Guide. Biodiversity Information Standards (TDWG). http://rs-test.tdwg.org/dwc/terms/guides/rdf/,TDWG Darwin Core and RDF/OWL Task Groups,,http://rs-test.tdwg.org/dwc/terms/guides/rdf/index.htm,https://dwc.tdwg.org/rdf/,http://www.tdwg.org/standards/450,This guide is intended to facilitate the use of Darwin Core terms in the Resource Description Framework (RDF). It explains basic features of RDF and provides details of how to expose data in the form of RDF using Darwin Core terms and terms from other key vocabularies. It defines terms in the namespace http://rs-test.tdwg.org/dwc/iri/ which are intended for use excusively with non-literal objects. 
Darwin Core Text Guide,http://rs-test.tdwg.org/dwc/terms/guides/text/,2014-11-08,2014-11-08,Biodiversity Information Standards (TDWG),Licensed under a Creative Commons Attribution 4.0 International (CC BY) License.,http://creativecommons.org/licenses/by/4.0/,Darwin Core Task Group. 2014. Darwin Core Text Guide. Biodiversity Information Standards (TDWG). http://rs-test.tdwg.org/dwc/terms/guides/text/,TDWG Darwin Core Task Group,,http://rs-test.tdwg.org/dwc/terms/guides/text/index.htm,https://dwc.tdwg.org/text/,http://www.tdwg.org/standards/450,This document provides guidelines for implementing Darwin Core in Text files.
Darwin Core XML Guide,http://rs-test.tdwg.org/dwc/terms/guides/xml/,2014-11-08,2014-11-08,Biodiversity Information Standards (TDWG),Licensed under a Creative Commons Attribution 4.0 International (CC BY) License.,http://creativecommons.org/licenses/by/4.0/,Darwin Core Task Group. 2014. Darwin Core XML Guide. Biodiversity Information Standards (TDWG). http://rs-test.tdwg.org/dwc/terms/guides/xml/,TDWG Darwin Core Task Group,,http://rs-test.tdwg.org/dwc/terms/guides/xml/index.htm,https://dwc.tdwg.org/xml/,http://www.tdwg.org/standards/450,This document provides guidelines for the implementation of Darwin Core in XML.
Simple Darwin Core,http://rs-test.tdwg.org/dwc/terms/simple/,2014-11-08,2014-11-08,Biodiversity Information Standards (TDWG),Licensed under a Creative Commons Attribution 4.0 International (CC BY) License.,http://creativecommons.org/licenses/by/4.0/,Darwin Core Task Group. 2014. Simple Darwin Core. Biodiversity Information Standards (TDWG). http://rs-test.tdwg.org/dwc/terms/simple/,TDWG Darwin Core Task Group,,http://rs-test.tdwg.org/dwc/terms/simple/index.htm,https://dwc.tdwg.org/simple/,http://www.tdwg.org/standards/450,"This document is a reference for the Simple Darwin Core standard, a mechanism used to share biodiversity information using the simplest methods and structure.  "
Darwin Core Namespace Policy,http://rs-test.tdwg.org/dwc/terms/namespace/,2014-11-08,2014-11-08,Biodiversity Information Standards (TDWG),Licensed under a Creative Commons Attribution 4.0 International (CC BY) License.,http://creativecommons.org/licenses/by/4.0/,Darwin Core Task Group. 2014. Darwin Core Namespace Policy. Biodiversity Information Standards (TDWG). http://rs-test.tdwg.org/dwc/terms/namespace/,TDWG Darwin Core Task Group,,http://rs-test.tdwg.org/dwc/terms/namespace/index.htm,https://dwc.tdwg.org/namespace/,http://www.tdwg.org/standards/450,"All terms in the Darwin Core must be assigned a unique Uniform Resource Identifier (URI). For convenience, the term URIs that are assigned and managed by the Darwin Core Task Group are grouped into collections known as Darwin Core namespaces. This document describes how term URIs are allocated by the Darwin Core Task Group and the policies associated with Darwin Core namespaces. "
TDWG Access Protocol for Information Retrieval (TAPIR) Executive Summary,http://rs-test.tdwg.org/tapir/doc/summary/,2007-08-28,2007-08-28,Biodiversity Information Standards (TDWG),Licensed under a Creative Commons Attribution 3.0 Unported (CC BY) license,http://creativecommons.org/licenses/by/3.0/,TAPIR Task Group. 2007. TDWG Access Protocol for Information Retrieval (TAPIR) Executive Summary. Biodiversity Information Standards (TDWG). http://rs-test.tdwg.org/tapir/doc/summary/,TDWG TAPIR Task Group,,http://www.tdwg.org/activities/tapir/executive-summary/,http://www.tdwg.org/activities/tapir/executive-summary/,http://www.tdwg.org/standards/449,"TAPIR is a computer protocol designed for discovery, search and retrieval of distributed data over the Internet. TAPIR consists of a specification that determines how client applications seeking information should communicate with server applications hosting data. This document summarizes the key concepts and features of TAPIR."
TDWG Access Protocol for Information Retrieval (TAPIR) Protocol Specification,http://rs-test.tdwg.org/tapir/doc/specification/,2010-05-05,2010-05-05,Biodiversity Information Standards (TDWG),Licensed under a Creative Commons Attribution 3.0 Unported (CC BY) license,http://creativecommons.org/licenses/by/3.0/,TAPIR Task Group. 2010. TDWG Access Protocol for Information Retrieval (TAPIR) Protocol Specification. Biodiversity Information Standards (TDWG). http://rs-test.tdwg.org/tapir/doc/specification/,TDWG TAPIR Task Group,,http://tdwg.github.io/tapir/docs/tdwg_tapir_specification_2010-05-05.html,http://tdwg.github.io/tapir/docs/tdwg_tapir_specification_2010-05-05.html,http://www.tdwg.org/standards/449,This document specifies the TAPIR protocol and the structure and syntax of TAPIR messages.  
TDWG Access Protocol for Information Retrieval (TAPIR) XML Schema ,http://rs-test.tdwg.org/tapir/doc/xmlschema/,2009-02-05,2009-02-05,Biodiversity Information Standards (TDWG),Licensed under a Creative Commons Attribution 3.0 Unported (CC BY) license,http://creativecommons.org/licenses/by/3.0/,TAPIR Task Group. 2009. TDWG Access Protocol for Information Retrieval (TAPIR) XML Schema. Biodiversity Information Standards (TDWG). http://rs-test.tdwg.org/tapir/doc/xmlschema/,TDWG TAPIR Task Group,,http://tdwg.github.io/tapir/schema/tapir.xsd,http://tdwg.github.io/tapir/schema/tapir.xsd,http://www.tdwg.org/standards/449,"TAPIR XML Schema. TAPIR is an acronym for TDWG Access Protocol for Information Retrieval. It is a unified and extended protocol based on DiGIR and BioCASe. TAPIR specifies a standardised, stateless, HTTP transmittable, XML-based request and response protocol for accessing structured data that may be stored on any number of distributed databases of varied physical and logical structure.  "
TDWG Access Protocol for Information Retrieval (TAPIR) Concept Aliases,http://rs-test.tdwg.org/tapir/doc/conceptaliases/,2015-06-01,2015-06-01,Biodiversity Information Standards (TDWG),Licensed under a Creative Commons Attribution 3.0 Unported (CC BY) license,http://creativecommons.org/licenses/by/3.0/,TAPIR Task Group. 2015. TDWG Access Protocol for Information Retrieval (TAPIR) Concept Aliases. Biodiversity Information Standards (TDWG). http://rs-test.tdwg.org/tapir/doc/conceptaliases/,TDWG TAPIR Task Group,,http://tdwg.github.io/tapir/cns/alias.txt,http://tdwg.github.io/tapir/cns/alias.txt,http://www.tdwg.org/standards/449,Globally unique aliases for concepts. The aliases listed here are only unique within their concept source. 
TDWG Access Protocol for Information Retrieval (TAPIR) Network Builders' Guide,http://rs-test.tdwg.org/tapir/doc/guide/,2015-06-03,2015-06-03,Biodiversity Information Standards (TDWG),Licensed under a Creative Commons Attribution 3.0 Unported (CC BY) license,http://creativecommons.org/licenses/by/3.0/,TAPIR Task Group. 2015. TDWG Access Protocol for Information Retrieval (TAPIR) Network Builders' Guide. Biodiversity Information Standards (TDWG). http://rs-test.tdwg.org/tapir/doc/guide/,TDWG TAPIR Task Group,,http://tdwg.github.io/tapir/docs/TAPIRNetworkBuildersGuide_2010-05-05.html,http://tdwg.github.io/tapir/docs/TAPIRNetworkBuildersGuide_2010-05-05.html,http://www.tdwg.org/standards/449,This document provides guidelines for building networks based on the TAPIR protocol.  
TDWG Access Protocol for Information Retrieval (TAPIR) Output Models and Query Templates,http://rs-test.tdwg.org/tapir/doc/models/,2015-11-25,2015-11-25,Biodiversity Information Standards (TDWG),Licensed under a Creative Commons Attribution 3.0 Unported (CC BY) license,http://creativecommons.org/licenses/by/3.0/,TAPIR Task Group. 2015. TDWG Access Protocol for Information Retrieval (TAPIR) Output Models and Query Templates. Biodiversity Information Standards (TDWG). http://rs-test.tdwg.org/tapir/doc/models/,TDWG TAPIR Task Group,,http://tdwg.github.io/tapir/cs/,http://tdwg.github.io/tapir/cs/,http://www.tdwg.org/standards/449,This page is an index to TAPIR XML models and query templates.
Access to Biological Collection Data (ABCD) Primer,http://rs-test.tdwg.org/abcd/doc/primer/,2006-07-27,2006-07-27,Biodiversity Information Standards (TDWG),Licensed under a Creative Commons Attribution 3.0 Unported (CC BY) license,http://creativecommons.org/licenses/by/3.0/,TDWG Access to Biological Collections Data (ABCD) Task Group 2006. Access to Biological Collections Data (ABCD) Primer. Biodiversity Information Standards (TDWG). http://rs-test.tdwg.org/abcd/doc/primer/,TDWG Access to Biological Collections Data (ABCD) Task Group,,https://raw.githubusercontent.com/tdwg/wiki-archive/master/twiki/data/ABCD/AbcdPrimer.txt,https://github.com/tdwg/wiki-archive/blob/master/twiki/data/ABCD/AbcdPrimer.txt,http://www.tdwg.org/standards/115,This primer is intended to provide an easily readable background to ABCD and should take anyone with no knowledge of the standard to the very point where they would be able to understand the principles and the more detailed technical specification. Examples are given which are complemented by references to the normative texts.
Access to Biological Collection Data (ABCD) XML Schema,http://rs-test.tdwg.org/abcd/doc/xmlschema/,2007-06-13,2007-06-13,Biodiversity Information Standards (TDWG),Licensed under a Creative Commons Attribution 3.0 Unported (CC BY) license,http://creativecommons.org/licenses/by/3.0/,TDWG Access to Biological Collections Data (ABCD) Task Group 2007. Access to Biological Collections Data (ABCD) XML Schema. Biodiversity Information Standards (TDWG). http://rs-test.tdwg.org/abcd/doc/xmlschema/,TDWG Access to Biological Collections Data (ABCD) Task Group,See also https://rawgit.com/tdwg/abcd/master/2.06/rddl-2007-10-18.html,https://raw.githubusercontent.com/tdwg/abcd/master/2.06/ABCD_2.06.xsd,http://rs-test.tdwg.org/abcd/2.06/ABCD_2.06.xsd,http://www.tdwg.org/standards/115,XML schema document for the Access to Biological Collection Data standard.
Introduction and Primer to the Structured Descriptive Data (SDD) Standard,http://rs-test.tdwg.org/sdd/doc/introduction/,2006-05-11,2006-05-11,Biodiversity Information Standards (TDWG),License not asserted,,Structure of Descriptive Data (SDD) Subgroup. 2006. Introduction and Primer to the Structured Descriptive Data (SDD) Standard. Biodiversity Information Standards (TDWG). http://rs-test.tdwg.org/sdd/doc/introduction/,Structure of Descriptive Data (SDD) Subgroup,,https://raw.githubusercontent.com/tdwg/wiki-archive/master/twiki/data/SDD/Primer/SddIntroduction.txt,https://github.com/tdwg/wiki-archive/blob/master/twiki/data/SDD/Primer/SddIntroduction.txt,http://www.tdwg.org/standards/116,"This document is a non-normative introduction to the Taxonomic Databases Working Group SDD (Structure of Descriptive Data) Standard. Its intention is to provide a background, introduction and primer to the SDD Standard, with examples."
Structured Descriptive Data XML Schema,http://rs-test.tdwg.org/sdd/doc/xmlschema/,2006-05-11,2006-05-11,Biodiversity Information Standards (TDWG),License not asserted,,Structure of Descriptive Data (SDD) Subgroup. 2006. Structured Descriptive Data XML Schema. Biodiversity Information Standards (TDWG). http://rs-test.tdwg.org/sdd/doc/xmlschema/,Structure of Descriptive Data (SDD) Subgroup,See also https://rawgit.com/tdwg/sdd/master/2006/rddl.html and https://github.com/tdwg/sdd/blob/master/2006/Schema/1.1/UBIF_(c).xsd,https://raw.githubusercontent.com/tdwg/sdd/master/2006/Schema/1.1/SDD.xsd,https://github.com/tdwg/sdd/blob/master/2006/Schema/1.1/SDD.xsd,http://www.tdwg.org/standards/116,This is the schema file to be referenced in instance documents for validation. It is the top level schema file that integrates the schema components. 
Taxon Concept Schema User Guide,http://rs-test.tdwg.org/tcs/doc/guide/,2006-09-21,2006-09-21,Biodiversity Information Standards (TDWG),License not asserted,,Taxonomic Names Subgroup. 2006. Taxon Concept Schema User Guide. Biodiversity Information Standards (TDWG). http://rs-test.tdwg.org/tcs/doc/guide/,Taxonomic Names Subgroup,,https://github.com/tdwg/tcs/raw/master/TCS101/UserGuidev_1.3.pdf,https://github.com/tdwg/tcs/blob/master/TCS101/UserGuidev_1.3.pdf,http://www.tdwg.org/standards/117,"This guide is meant to act as a readable introduction to the Taxon Concept Schema (TCS). It is aimed at both decision makers and implementers of systems and so the content varies from being of a general nature, assuming little prior knowledge of taxonomy or XML technologies, to being quite detailed concerning the technicalities of biological nomenclature and XML schemas. Generally it becomes more specific as it goes on. This document is not a step by step manual for mapping a data source to a TCS document. Each data source is likely to be different in structure and so this is not a feasible exercise. What it attempts to do is provided the information needed for an implementer to make intelligent decisions as to how their data source should be mapped to the schema so that they can publish and/or receive data from other systems with as little confusion as possible. "
Taxon Concept Schema XML Schema,http://rs-test.tdwg.org/tcs/doc/xmlschema/,2006-09-21,2006-09-21,Biodiversity Information Standards (TDWG),License not asserted,,Taxonomic Names Subgroup. 2006. Taxon Concept Schema XML Schema. Biodiversity Information Standards (TDWG). http://rs-test.tdwg.org/tcs/doc/xmlschema/,Taxonomic Names Subgroup,,https://raw.githubusercontent.com/tdwg/tcs/master/TCS101/v101.xsd,https://github.com/tdwg/tcs/blob/master/TCS101/v101.xsd,http://www.tdwg.org/standards/117,This document is the validation schema for Taxon Concept Schema XML documents.
Definition of the Delta Format,http://rs-test.tdwg.org/delta/doc/definition/,2005-09-13,2005-09-13,Commonwealth Scientific and Industrial Research Organisation (CSIRO),Conditions of use at http://delta-intkey.com/www/use.htm,,"Dallwitz, M. J. and T. A. Paine. 1999 onwards. Definition of the Delta Format. Version: 2005-09-13. http://delta-intkey.com/",M. J. Dallwitz and T. A. Paine,See http://delta-intkey.com/www/overview.htm for an overview and http://delta-intkey.com/www/use.htm for conditions of use.,https://github.com/tdwg/delta/raw/master/107-516-1-ED.pdf,https://github.com/tdwg/delta/blob/master/107-516-1-ED.pdf,http://www.tdwg.org/standards/107,"This document is primarily for the benefit of programmers, and contains more detail than would usually be required by users of the DELTA format. It provides an introduction to the format, and details necessary to encode data in the format."
Natural Collections Description (NCD) Guide,http://rs-test.tdwg.org/ncd/doc/guide/,2008-08-12,2008-08-12,Biodiversity Information Standards (TDWG),License not asserted,,TDWG Natural Collections Descriptions (NCD) Task Group. 2008. Natural Collections Description (NCD) Guide. Biodiversity Information Standards (TDWG). http://rs-test.tdwg.org/ncd/doc/guide/,TDWG Natural Collections Descriptions (NCD) Task Group,,https://github.com/tdwg/ncd/raw/master/NCD-v090_TDWG/NCD-v090_TDWG-NonNormative.doc,https://github.com/tdwg/ncd/blob/master/NCD-v090_TDWG/NCD-v090_TDWG-NonNormative.doc,http://www.tdwg.org/standards/312,"Natural Collections Description (NCD) is a data standard for describing collections of natural history materials at the collection level; one NCD record describes one entire collection. The NCD standard covers all types of natural history collections, such as specimens, original artwork, archives, observations, library materials, datasets, photographs or mixed collections such as those that result from expeditions and voyages of discovery.  This document accompanies the normative part of the NCD standard. The standard consists of the series of class and property definitions and is presented in a separate document. "
Natural Collections Description (NCD) Specification,http://rs-test.tdwg.org/ncd/doc/specification/,2008-08-12,2008-08-12,Biodiversity Information Standards (TDWG),License not asserted,,TDWG Natural Collections Descriptions (NCD) Task Group. 2008. Natural Collections Description (NCD) Specification. Biodiversity Information Standards (TDWG). http://rs-test.tdwg.org/ncd/doc/guide/,TDWG Natural Collections Descriptions (NCD) Task Group,,https://github.com/tdwg/ncd/raw/master/NCD-v090_TDWG/NCD-v090_TDWG-Normative.doc,https://github.com/tdwg/ncd/blob/master/NCD-v090_TDWG/NCD-v090_TDWG-Normative.doc,http://www.tdwg.org/standards/312,This normative document provides the fields and definitions for terms in the standard.
ABCDDNA DNA Extension for Access to Biological Collection Data Guide,http://rs-test.tdwg.org/abcddna/doc/guide/,2010-08-04,2010-08-04,Biodiversity Information Standards (TDWG),Licensed under a Creative Commons Attribution 3.0 Unported (CC BY) license,http://creativecommons.org/licenses/by/3.0/,TDWG Access to Biological Collections Data (ABCD) Task Group. 2010. ABCDDNA DNA Extension for Access to Biological Collection Data Guide. Biodiversity Information Standards (TDWG). http://rs-test.tdwg.org/abcddna/doc/guide/,TDWG Access to Biological Collections Data (ABCD) Task Group,See also http://data.ggbn.org/ggbn_portal/,https://github.com/tdwg/abcddna/raw/master/640-3005-1-SM.pdf,https://github.com/tdwg/abcddna/blob/master/640-3005-1-SM.pdf,http://www.tdwg.org/standards/640,"This document specifies ABCDDNA, the DNA extension for ABCD 2.06 (Access to Biological Collections Data). ABCDDNA is a theme specific extension for ABCD created to facilitate storage and exchange of data related to DNA collection units, such as DNA extraction specifics, DNA quality parameters, and data characterising products of downstream applications, along with the relation to the analysed voucher specimen. "
ABCDDNA DNA Extension for Access to Biological Collection Data XML Schema,http://rs-test.tdwg.org/abcddna/doc/xmlschema/,2010-08-04,2010-08-04,Biodiversity Information Standards (TDWG),Licensed under a Creative Commons Attribution 3.0 Unported (CC BY) license,http://creativecommons.org/licenses/by/3.0/,DNA Bank Network. 2010. ABCDDNA DNA Extension for Access to Biological Collection Data XML Schema. DNA Bank Network. http://rs-test.tdwg.org/abcddna/doc/xmlschema/,DNA Bank Network,,http://www.dnabank-network.org/schemas/ABCDDNA/ABCDDNA.xsd,http://www.dnabank-network.org/schemas/ABCDDNA/ABCDDNA.xsd,http://www.tdwg.org/standards/640,This document is the validation schema for ABCDDNA XML documents.
HISPID3 Herbarium Information Standards and Protocols for Interchange of Data,http://rs-test.tdwg.org/hispid/doc/specification/,1989,2007-05-11,Council of Heads of Australian Herbaria,License not asserted,,Herbarium Information Systems Committee. 2007. HISPID3 Herbarium Information Standards and Protocols for Interchange of Data. Council of Heads of Australian Herbaria. http://rs-test.tdwg.org/hispid/doc/specification/,Herbarium Information Systems Committee,,https://raw.githubusercontent.com/tdwg/prior-standards/master/hispid3/110-540-1-RV.html,https://rawgit.com/tdwg/prior-standards/master/hispid3/110-540-1-RV.html,http://www.tdwg.org/standards/110,This document describes the form of HISPID3 records and the fields that can be included in an interchange flat file.
Economic Botany Data Collection Standard,http://rs-test.tdwg.org/ebdc/doc/specification/,1995,1995,"Royal Botanic Gardens, Kew","Copyright The Board of Trustees of the Royal Botanic Gardens, Kew 1995",,"TDWG Economic Botany Subgroup (Author: Frances E. M. Cook). 1995. Economic Botany Data Collection Standard. Royal Botanic Gardens, Kew. http://rs-test.tdwg.org/ebdc/doc/specification/",Economic Botany Subgroup,This document was available in print.  The linked document is a scan of the print book.,https://www.kew.org/sites/default/files/EconomicBotanyStandard_FEMCook_1995_TDWG_0.pdf,https://www.kew.org/sites/default/files/EconomicBotanyStandard_FEMCook_1995_TDWG_0.pdf,http://www.tdwg.org/standards/103,"The aim of the Economic Botany Data Collection Standard is to provide a system whereby uses of plants (in their cultural context) can be described, using standardised descriptors and terms, and attached to taxonomic data sets. This book describes the structure and implementation of the standard."
Plant Occurrence and Status Scheme: A Standard for Recording the Relationship between a Plant and a Place,http://rs-test.tdwg.org/poss/doc/specification/,1995-11,1995-11,International Working Group on Taxonomic Databases (TDWG),License not asserted,,World Conservation Monitoring Centre. 1995. Plant Occurrence and Status Scheme: A Standard for Recording the Relationship between a Plant and a Place. International Working Group on Taxonomic Databases (TDWG). http://rs-test.tdwg.org/poss/doc/specification/,World Conservation Monitoring Centre,,https://github.com/tdwg/prior-standards/raw/master/poss/106-522-1-RV.pdf,https://github.com/tdwg/prior-standards/blob/master/poss/106-522-1-RV.pdf,http://www.tdwg.org/standards/106,This document describes the general principles of POSS and describes the data fields and their suggested values.
Plant Names in Botanical Databases,http://rs-test.tdwg.org/pnbd/doc/specification/,1994-12,1994-12,Hunt Institute for Botanical Documentation,Copyright 1994 by International Working Group on Taxonomic Databases for Plant Sciences (TDWG) All Rights Reserved,,TDWG Minimum Standard for Names in Botanical Databases Subgroup (Author: Frank A. Bisby). 1994. Plant Names in Botanical Databases. Hunt Institute for Botanical Documentation. http://rs-test.tdwg.org/pnbd/doc/specification/,Minimum Standard for Names in Botanical Databases Subgroup,Note: the introduction of this publication provides some historical information about TDWG and early standards it produced or adopted from elsewhere.,https://github.com/tdwg/prior-standards/raw/master/plant-names-in-botanical-databases/113-528-1-RV.pdf,https://github.com/tdwg/prior-standards/blob/master/plant-names-in-botanical-databases/113-528-1-RV.pdf,http://www.tdwg.org/standards/113,"This standard defines the taxonomic and nomenclatural concepts associated with the names of plants. It describes the component parts, their functions and their interrelations of significance in structuring a database. "
Authors of Plant Names,http://rs-test.tdwg.org/apn/doc/data/,1992,1992,"Royal Botanic Gardens, Kew","Copyright The Board of Trustees of the Royal Botanic Gardens, Kew 1992",,"Brummitt, R. K. and C. E. Powell. 1992. Authors of Plant Names. Kew Publishing. ISBN: 1842460854 http://rs-test.tdwg.org/apn/doc/data/1992",R. K. Brummitt  and C. E. Powell,"Note: Authors of Plant Names eBook is behind a GBP 60 paywall (http://shop.kew.org/authors-of-plant-names-11770).  Since 1998, the database of author names and their standard forms has been maintained and updated online as part of The International Plant Names Index (http://www.ipni.org/).",urn:isbn:1842460854,https://www.kew.org/data/authors.html,http://www.tdwg.org/standards/101,"An index of authors of plant scientific names. Includes flowering plants, gymnosperms, pteridophytes, bryophytes, algae, fungi and fossil plants. Full names, dates of birth and death when known, recommended abbreviations and groups in which names have been published, are given for each author. "
World Geographic Scheme for Recording Plant Distributions,http://rs-test.tdwg.org/wgsrpd/doc/data/,2001-08,2001-08,Hunt Institute for Botanical Documentation,Copyright 2001 International Working Group on Taxonomic Databases (TDWG). All rights reserved.,,"TDWG World Geographic Scheme for Recording Plant Distributions Committee (Author: R. K. Brummitt). 2001. World Geographic Scheme for Recording Plant Distributions. Hunt Institute for Botanical Documentation, Carnegie Mellon University (Pittsburgh). http://rs-test.tdwg.org/wgsrpd/doc/data/",TDWG World Geographic Scheme for Recording Plant Distributions Committee,,https://github.com/tdwg/wgsrpd/raw/master/109-488-1-ED/2nd%20Edition/TDWG_geo2.pdf,https://github.com/tdwg/wgsrpd/blob/master/109-488-1-ED/2nd%20Edition/TDWG_geo2.pdf,http://www.tdwg.org/standards/109,"This document defines a schem for recording geographical units.  The system offered covers the whole world and identifies units at four levels, firstly continental, secondly regional (or subcontinental), thirdly at what may be called “Botanical Country” level (which may often ignore purely political considerations), and fourthly at a slightly lower level called “Basic Recording Units” where political integrity is fully recognised."
XDF: A Language for the Definition and Exchange of Biological Data Sets,http://rs-test.tdwg.org/xdf/doc/,1992,1992,IUBS Commission for Plant Taxonomic Databases (TDWG),Unknown,,TDWG XDF Subgroup (Authors: R. J. White and R. Allkin). 1992. XDF: A Language for the Definition and Exchange of Biological Data Sets. IUBS Commission for Plant Taxonomic Databases (TDWG). http://rs-test.tdwg.org/xdf/doc/,TDWG XDF Subgroup ,Note: the article linked to the access uri does not seem to be the actual standard itself.  See reference number 16,https://doi.org/10.1016/0895-7177(92)90163-F,https://doi.org/10.1016/0895-7177(92)90163-F,http://www.tdwg.org/standards/108,"XDF (the Exchange Data Format) is a database file exchange medium to handle diverse classes of biological data required for file transfers between different database projects. Data sets prepared in XDF consists of text files that are effectively independent of any particular project. XDF is a high-level language for describing biological data, with its own syntax and command vocabulary, analogous to the high-level programming languages used to describe software algorithms. "
B-P-H/S: Botanico-Periodicum-Huntianum/Supplementum,http://rs-test.tdwg.org/bphsup/doc/book/,1991,1991,Hunt Institute for Botanical Documentation,Unknown,,"Bridson, G. D. R. and E. R. Smith. 1991. B-P-H/S: Botanico-Periodicum-Huntianum/Supplementum. Hunt Institute for Botanical Documentation, Carnegie Mellon University (Pittsburgh). ISBN: 0913196541. http://rs-test.tdwg.org/bphsup/doc/book/",G. D. R. Bridson and E. R. Smith,Available only in print and is out of print. See http://huntbotanical.org/publications/show.php?=92. Contained additional entries and was a key to entries in it and in the first edition of B-P-H.,urn:isbn:0913196541,http://huntbotanical.org/publications/show.php?=92,http://www.tdwg.org/standards/114,"A supplement to and partial revision of B-P-H (1968), B-P-H/S: Botanico-Periodicum-Huntianum/Supplementum (1991) contains over 25,000 title entries arranged alphabetically by title and is designed as a key to entries in both volumes. It features citation abbreviations for all titles, improved cross-referencing and an expanded thesaurus of title words and their abbreviation equivalents. The supplement includes periodicals dealing with biotechnology, molecular biology, environmental studies and conservation. "
"Index Herbariorum. Part I: The Herbaria of the World (Regnum Vegetabile, Vol. 120, eighth edition)",http://rs-test.tdwg.org/ih/doc/book/,1990,1990,New Your Botanical Gardens,Unknown,,"Holmgren, P. K., N. H. Holmgren, and L. C. Barnett. 1990. Index Herbariorum. Part I: The Herbaria of the World (Regnum Vegetabile, Vol. 120, eighth edition). New York Botanical Gardens. ISBN: 0893273589. http://rs-test.tdwg.org/ih/doc/book/","P. K. Holmgren, N. H. Holmgren, and L. C. Barnett",Online database at http://sweetgum.nybg.org/science/ih/,urn:isbn:0893273589,http://sweetgum.nybg.org/science/ih/,http://www.tdwg.org/standards/105,"Index Herbariorum is a guide to the world's herbaria.  The Index Herbariorum (IH) entry for an herbarium includes its physical location, URL, contents (e.g., number and type of specimens), founding date, as well as names, contact information and areas of expertise of associated staff. Only those collections that are permanent scientific repositories are included in IH."
The International Transfer Format (ITF) for Botanic Garden Plant Records (Version 2),http://rs-test.tdwg.org/itfbgpr/doc/specification/,1987-09-15,1998,Botanic Gardens Conservation International,Copyright 1998 Botanic Gardens Conservation International,,"Wyse Jackson, D., C. Hobson, B. Conn, R. Piacentini, S. Waldren, C. Ward, K. Bailey, P. Wyse Jackson, S. T. Wood, K. Walter. 1998. The International Transfer Format (ITF) for Botanic Garden Plant Records (Version 2). Botanic Gardens Conservation International. http://rs-test.tdwg.org/itfbgpr/doc/specification/","D. Wyse Jackson, C. Hobson, B. Conn, R. Piacentini, S. Waldren, C. Ward, K. Bailey, P. Wyse Jackson, S. T. Wood, K. Walter",Available only in electronic format.,http://www.bgci.org/files/Databases/itf2.pdf,http://www.bgci.org/files/Databases/itf2.pdf,http://www.tdwg.org/standards/102,This document contains a complete description of version 2 of the International Transfer Format for Botanic Garden Records. It includes all the information which institutions will need when making use of the ITF2 to send or receive plant records in the ITF2 format. The annexes to this manual describe some of the problem areas which needed to be addressed during the definition of ITF2. 
Floristic Regions of the World,http://rs-test.tdwg.org/frw/doc/book/,1986-09-04,1986-09-04,University of California Press ,Unknown,,"Takhtajan, A. L. 1986. Floristic Regions of the World. University of California Press. http://rs-test.tdwg.org/frw/doc/book/",A. L. Takhtajan,First English Language Edition. Seems to be available in print only.,urn:isbn:0520040279,https://github.com/tdwg/prior-standards/tree/master/floristic-regions-of-the-world,http://www.tdwg.org/standards/104,"This book describes the floristic divisions for the whole world, lists endemic families and genera, and provides examples of endemic species for each province."
"Taxonomic Literature : A Selective Guide to Botanical Publications and Collections with Dates, Commentaries and Types (Second edition, vol. 1)",http://rs-test.tdwg.org/tl/doc/v1/,1976,1976,"Bohn, Scheltema, and Holkema","Copyright 1976 Frans A. Stafleu, Utrecht, The Netherlands. No part may be reproduced without permission of the publisher.",,"Stafleu, F. A. and R. S. Cowan. 1976. Taxonomic Literature : A Selective Guide to Botanical Publications and Collections with Dates, Commentaries and Types (Second edition, vol. 1). Bohn, Scheltema, and Holkema. http://rs-test.tdwg.org/tl/doc/v1/",F. A. Stafleu and R. S. Cowan,See http://www.sil.si.edu/DigitalCollections/tl-2/history.cfm for introduction.,http://www.sil.si.edu/DigitalCollections/tl-2/browse.cfm?vol=1#page/11,http://www.sil.si.edu/DigitalCollections/tl-2/browse.cfm,http://www.tdwg.org/standards/111,"Authors A-G. Taxonomic Literature: a selective guide to botanical publications and collections with dates, commentaries and types, also known as TL-2, is an indispensable and essential resource that supports the research of systematic botanists and zoologists. In addition, TL-2 is an important reference tool in the science information field for librarians and information professionals working in Botany and other life sciences. Its coverage is international providing bibliographic analyses of works in many languages including English, French, German, and Latin. Overall, TL-2 provides the most comprehensive bibliographical and biographical coverage for systematic botany literature published between 1753 and 1940."
"Taxonomic Literature : A Selective Guide to Botanical Publications and Collections with Dates, Commentaries and Types (Second edition, vol. 2)",http://rs-test.tdwg.org/tl/doc/v2/,1979,1979,"Bohn, Scheltema, and Holkema","Copyright 1979 Frans A. Stafleu, Utrecht, The Netherlands. No part may be reproduced without permission of the publisher.",,"Stafleu, F. A. and R. S. Cowan. 1979. Taxonomic Literature : A Selective Guide to Botanical Publications and Collections with Dates, Commentaries and Types (Second edition, vol. 2). Bohn, Scheltema, and Holkema. http://rs-test.tdwg.org/tl/doc/v2/",F. A. Stafleu and R. S. Cowan,See http://www.sil.si.edu/DigitalCollections/tl-2/history.cfm for introduction.,http://www.sil.si.edu/DigitalCollections/tl-2/browse.cfm?vol=2#page/11,http://www.sil.si.edu/DigitalCollections/tl-2/browse.cfm,http://www.tdwg.org/standards/111,"Authors H-Le. Taxonomic Literature: a selective guide to botanical publications and collections with dates, commentaries and types, also known as TL-2, is an indispensable and essential resource that supports the research of systematic botanists and zoologists. In addition, TL-2 is an important reference tool in the science information field for librarians and information professionals working in Botany and other life sciences. Its coverage is international providing bibliographic analyses of works in many languages including English, French, German, and Latin. Overall, TL-2 provides the most comprehensive bibliographical and biographical coverage for systematic botany literature published between 1753 and 1940."
"Taxonomic Literature : A Selective Guide to Botanical Publications and Collections with Dates, Commentaries and Types (Second edition, vol. 3)",http://rs-test.tdwg.org/tl/doc/v3/,1981,1981,"Bohn, Scheltema, and Holkema","Copyright 1981 Frans A. Stafleu, Utrecht, The Netherlands. No part may be reproduced without permission of the publisher.",,"Stafleu, F. A. and R. S. Cowan. 1981. Taxonomic Literature : A Selective Guide to Botanical Publications and Collections with Dates, Commentaries and Types (Second edition, vol. 3). Bohn, Scheltema, and Holkema. http://rs-test.tdwg.org/tl/doc/v3/",F. A. Stafleu and R. S. Cowan,See http://www.sil.si.edu/DigitalCollections/tl-2/history.cfm for introduction.,http://www.sil.si.edu/DigitalCollections/tl-2/browse.cfm?vol=3#page/7,http://www.sil.si.edu/DigitalCollections/tl-2/browse.cfm,http://www.tdwg.org/standards/111,"Authors Lh-O. Taxonomic Literature: a selective guide to botanical publications and collections with dates, commentaries and types, also known as TL-2, is an indispensable and essential resource that supports the research of systematic botanists and zoologists. In addition, TL-2 is an important reference tool in the science information field for librarians and information professionals working in Botany and other life sciences. Its coverage is international providing bibliographic analyses of works in many languages including English, French, German, and Latin. Overall, TL-2 provides the most comprehensive bibliographical and biographical coverage for systematic botany literature published between 1753 and 1940."
"Taxonomic Literature : A Selective Guide to Botanical Publications and Collections with Dates, Commentaries and Types (Second edition, vol. 4)",http://rs-test.tdwg.org/tl/doc/v4/,1983,1983,"Bohn, Scheltema, and Holkema","Copyright 1983 Frans A. Stafleu, Utrecht, The Netherlands. No part may be reproduced without permission of the publisher.",,"Stafleu, F. A. and R. S. Cowan. 1983. Taxonomic Literature : A Selective Guide to Botanical Publications and Collections with Dates, Commentaries and Types (Second edition, vol. 4). Bohn, Scheltema, and Holkema. http://rs-test.tdwg.org/tl/doc/v4/",F. A. Stafleu and R. S. Cowan,See http://www.sil.si.edu/DigitalCollections/tl-2/history.cfm for introduction.,http://www.sil.si.edu/DigitalCollections/tl-2/browse.cfm?vol=4#page/7,http://www.sil.si.edu/DigitalCollections/tl-2/browse.cfm,http://www.tdwg.org/standards/111,"Authors P-Sak. Taxonomic Literature: a selective guide to botanical publications and collections with dates, commentaries and types, also known as TL-2, is an indispensable and essential resource that supports the research of systematic botanists and zoologists. In addition, TL-2 is an important reference tool in the science information field for librarians and information professionals working in Botany and other life sciences. Its coverage is international providing bibliographic analyses of works in many languages including English, French, German, and Latin. Overall, TL-2 provides the most comprehensive bibliographical and biographical coverage for systematic botany literature published between 1753 and 1940."
"Taxonomic Literature : A Selective Guide to Botanical Publications and Collections with Dates, Commentaries and Types (Second edition, vol. 5)",http://rs-test.tdwg.org/tl/doc/v5/,1985,1985,"Bohn, Scheltema, and Holkema","Copyright 1985 Frans A. Stafleu, Utrecht, The Netherlands. No part may be reproduced without permission of the publisher.",,"Stafleu, F. A. and R. S. Cowan. 1985. Taxonomic Literature : A Selective Guide to Botanical Publications and Collections with Dates, Commentaries and Types (Second edition, vol. 5). Bohn, Scheltema, and Holkema. http://rs-test.tdwg.org/tl/doc/v5/",F. A. Stafleu and R. S. Cowan,See http://www.sil.si.edu/DigitalCollections/tl-2/history.cfm for introduction.,http://www.sil.si.edu/DigitalCollections/tl-2/browse.cfm?vol=5#page/11,http://www.sil.si.edu/DigitalCollections/tl-2/browse.cfm,http://www.tdwg.org/standards/111,"Authors Sal-Ste. Taxonomic Literature: a selective guide to botanical publications and collections with dates, commentaries and types, also known as TL-2, is an indispensable and essential resource that supports the research of systematic botanists and zoologists. In addition, TL-2 is an important reference tool in the science information field for librarians and information professionals working in Botany and other life sciences. Its coverage is international providing bibliographic analyses of works in many languages including English, French, German, and Latin. Overall, TL-2 provides the most comprehensive bibliographical and biographical coverage for systematic botany literature published between 1753 and 1940."
"Taxonomic Literature : A Selective Guide to Botanical Publications and Collections with Dates, Commentaries and Types (Second edition, vol. 6)",http://rs-test.tdwg.org/tl/doc/v6/,1986,1986,"Bohn, Scheltema, and Holkema","Copyright 1986 Frans A. Stafleu, Utrecht, The Netherlands. No part may be reproduced without permission of the publisher.",,"Stafleu, F. A. and R. S. Cowan. 1986. Taxonomic Literature : A Selective Guide to Botanical Publications and Collections with Dates, Commentaries and Types (Second edition, vol. 6). Bohn, Scheltema, and Holkema. http://rs-test.tdwg.org/tl/doc/v6/",F. A. Stafleu and R. S. Cowan,See http://www.sil.si.edu/DigitalCollections/tl-2/history.cfm for introduction.,http://www.sil.si.edu/DigitalCollections/tl-2/browse.cfm?vol=6#page/7,http://www.sil.si.edu/DigitalCollections/tl-2/browse.cfm,http://www.tdwg.org/standards/111,"Authors Sti-Vuy. Taxonomic Literature: a selective guide to botanical publications and collections with dates, commentaries and types, also known as TL-2, is an indispensable and essential resource that supports the research of systematic botanists and zoologists. In addition, TL-2 is an important reference tool in the science information field for librarians and information professionals working in Botany and other life sciences. Its coverage is international providing bibliographic analyses of works in many languages including English, French, German, and Latin. Overall, TL-2 provides the most comprehensive bibliographical and biographical coverage for systematic botany literature published between 1753 and 1940."
"Taxonomic Literature : A Selective Guide to Botanical Publications and Collections with Dates, Commentaries and Types (Second edition, vol. 7)",http://rs-test.tdwg.org/tl/doc/v7/,1988,1988,"Bohn, Scheltema, and Holkema","Copyright 1988 Frans A. Stafleu, Utrecht, The Netherlands. No part may be reproduced without permission of the publisher.",,"Stafleu, F. A. and R. S. Cowan. 1988. Taxonomic Literature : A Selective Guide to Botanical Publications and Collections with Dates, Commentaries and Types (Second edition, vol. 7). Bohn, Scheltema, and Holkema. http://rs-test.tdwg.org/tl/doc/v7/",F. A. Stafleu and R. S. Cowan,See http://www.sil.si.edu/DigitalCollections/tl-2/history.cfm for introduction.,http://www.sil.si.edu/DigitalCollections/tl-2/browse.cfm?vol=7#page/7,http://www.sil.si.edu/DigitalCollections/tl-2/browse.cfm,http://www.tdwg.org/standards/111,"Authors W-Z. Taxonomic Literature: a selective guide to botanical publications and collections with dates, commentaries and types, also known as TL-2, is an indispensable and essential resource that supports the research of systematic botanists and zoologists. In addition, TL-2 is an important reference tool in the science information field for librarians and information professionals working in Botany and other life sciences. Its coverage is international providing bibliographic analyses of works in many languages including English, French, German, and Latin. Overall, TL-2 provides the most comprehensive bibliographical and biographical coverage for systematic botany literature published between 1753 and 1940."
"Taxonomic Literature : A Selective Guide to Botanical Publications and Collections with Dates, Commentaries and Types (supp. 1)",http://rs-test.tdwg.org/tl/doc/s1/,1992,1992,Koeltz Scientific Books,Copyright 1992 International Association for Plant Taxonomy (Europe). No part may be reproduced without permission of the copyright holder,,"Stafleu, F. A. and E. A. Mennega. 1992. Taxonomic Literature : A Selective Guide to Botanical Publications and Collections with Dates, Commentaries and Types (supp. 1). Koeltz Scientific Books. http://rs-test.tdwg.org/tl/doc/s1/",F. A. Stafleu and E. A. Mennega,See http://www.sil.si.edu/DigitalCollections/tl-2/history.cfm for introduction.,http://www.sil.si.edu/DigitalCollections/tl-2/browse.cfm?vol=8#page/7,http://www.sil.si.edu/DigitalCollections/tl-2/browse.cfm,http://www.tdwg.org/standards/111,"Authors A-Ba. Taxonomic Literature: a selective guide to botanical publications and collections with dates, commentaries and types, also known as TL-2, is an indispensable and essential resource that supports the research of systematic botanists and zoologists. In addition, TL-2 is an important reference tool in the science information field for librarians and information professionals working in Botany and other life sciences. Its coverage is international providing bibliographic analyses of works in many languages including English, French, German, and Latin. Overall, TL-2 provides the most comprehensive bibliographical and biographical coverage for systematic botany literature published between 1753 and 1940."
"Taxonomic Literature : A Selective Guide to Botanical Publications and Collections with Dates, Commentaries and Types (supp. 2)",http://rs-test.tdwg.org/tl/doc/s2/,1993,1993,Koeltz Scientific Books,Copyright 1993 International Association for Plant Taxonomy (Europe). No part may be reproduced without permission of the copyright holder,,"Stafleu, F. A. and E. A. Mennega. 1993. Taxonomic Literature : A Selective Guide to Botanical Publications and Collections with Dates, Commentaries and Types (supp. 2). Koeltz Scientific Books. http://rs-test.tdwg.org/tl/doc/s2/",F. A. Stafleu and E. A. Mennega,See http://www.sil.si.edu/DigitalCollections/tl-2/history.cfm for introduction.,http://www.sil.si.edu/DigitalCollections/tl-2/browse.cfm?vol=9#page/7,http://www.sil.si.edu/DigitalCollections/tl-2/browse.cfm,http://www.tdwg.org/standards/111,"Authors Be-Bo. Taxonomic Literature: a selective guide to botanical publications and collections with dates, commentaries and types, also known as TL-2, is an indispensable and essential resource that supports the research of systematic botanists and zoologists. In addition, TL-2 is an important reference tool in the science information field for librarians and information professionals working in Botany and other life sciences. Its coverage is international providing bibliographic analyses of works in many languages including English, French, German, and Latin. Overall, TL-2 provides the most comprehensive bibliographical and biographical coverage for systematic botany literature published between 1753 and 1940."
"Taxonomic Literature : A Selective Guide to Botanical Publications and Collections with Dates, Commentaries and Types (supp. 3)",http://rs-test.tdwg.org/tl/doc/s3/,1995,1995,Koeltz Scientific Books,Copyright 1995 International Association for Plant Taxonomy (Europe). No part may be reproduced without permission of the copyright holder,,"Stafleu, F. A. and E. A. Mennega. 1995. Taxonomic Literature : A Selective Guide to Botanical Publications and Collections with Dates, Commentaries and Types (supp. 3). Koeltz Scientific Books. http://rs-test.tdwg.org/tl/doc/s3/",F. A. Stafleu and E. A. Mennega,See http://www.sil.si.edu/DigitalCollections/tl-2/history.cfm for introduction.,http://www.sil.si.edu/DigitalCollections/tl-2/browse.cfm?vol=10#page/7,http://www.sil.si.edu/DigitalCollections/tl-2/browse.cfm,http://www.tdwg.org/standards/111,"Authors Br-Ca. Taxonomic Literature: a selective guide to botanical publications and collections with dates, commentaries and types, also known as TL-2, is an indispensable and essential resource that supports the research of systematic botanists and zoologists. In addition, TL-2 is an important reference tool in the science information field for librarians and information professionals working in Botany and other life sciences. Its coverage is international providing bibliographic analyses of works in many languages including English, French, German, and Latin. Overall, TL-2 provides the most comprehensive bibliographical and biographical coverage for systematic botany literature published between 1753 and 1940."
"Taxonomic Literature : A Selective Guide to Botanical Publications and Collections with Dates, Commentaries and Types (supp. 4)",http://rs-test.tdwg.org/tl/doc/s4/,1997,1997,Koeltz Scientific Books,Copyright 1997 International Association for Plant Taxonomy (Europe). No part may be reproduced without permission of the copyright holder,,"Stafleu, F. A. and E. A. Mennega. 1997. Taxonomic Literature : A Selective Guide to Botanical Publications and Collections with Dates, Commentaries and Types (supp. 4). Koeltz Scientific Books. http://rs-test.tdwg.org/tl/doc/s4/",F. A. Stafleu and E. A. Mennega,See http://www.sil.si.edu/DigitalCollections/tl-2/history.cfm for introduction.,http://www.sil.si.edu/DigitalCollections/tl-2/browse.cfm?vol=11#page/7,http://www.sil.si.edu/DigitalCollections/tl-2/browse.cfm,http://www.tdwg.org/standards/111,"Authors Ce-Cz. Taxonomic Literature: a selective guide to botanical publications and collections with dates, commentaries and types, also known as TL-2, is an indispensable and essential resource that supports the research of systematic botanists and zoologists. In addition, TL-2 is an important reference tool in the science information field for librarians and information professionals working in Botany and other life sciences. Its coverage is international providing bibliographic analyses of works in many languages including English, French, German, and Latin. Overall, TL-2 provides the most comprehensive bibliographical and biographical coverage for systematic botany literature published between 1753 and 1940."
"Taxonomic Literature : A Selective Guide to Botanical Publications and Collections with Dates, Commentaries and Types (supp. 5)",http://rs-test.tdwg.org/tl/doc/s5/,1998,1998,Koeltz Scientific Books,Copyright 1998 International Association for Plant Taxonomy (Europe). No part may be reproduced without permission of the copyright holder,,"Stafleu, F. A. and E. A. Mennega. 1998. Taxonomic Literature : A Selective Guide to Botanical Publications and Collections with Dates, Commentaries and Types (supp. 5). Koeltz Scientific Books. http://rs-test.tdwg.org/tl/doc/s5/",F. A. Stafleu and E. A. Mennega,See http://www.sil.si.edu/DigitalCollections/tl-2/history.cfm for introduction.,http://www.sil.si.edu/DigitalCollections/tl-2/browse.cfm?vol=12#page/7,http://www.sil.si.edu/DigitalCollections/tl-2/browse.cfm,http://www.tdwg.org/standards/111,"Authors Da-Di. Taxonomic Literature: a selective guide to botanical publications and collections with dates, commentaries and types, also known as TL-2, is an indispensable and essential resource that supports the research of systematic botanists and zoologists. In addition, TL-2 is an important reference tool in the science information field for librarians and information professionals working in Botany and other life sciences. Its coverage is international providing bibliographic analyses of works in many languages including English, French, German, and Latin. Overall, TL-2 provides the most comprehensive bibliographical and biographical coverage for systematic botany literature published between 1753 and 1940."
"Taxonomic Literature : A Selective Guide to Botanical Publications and Collections with Dates, Commentaries and Types (supp. 6)",http://rs-test.tdwg.org/tl/doc/s6/,2000,2000,Koeltz Scientific Books,Copyright 2000 International Association for Plant Taxonomy (Europe). No part may be reproduced without permission of the copyright holder,,"Stafleu, F. A. and E. A. Mennega. 2000. Taxonomic Literature : A Selective Guide to Botanical Publications and Collections with Dates, Commentaries and Types (supp. 6). Koeltz Scientific Books. http://rs-test.tdwg.org/tl/doc/s6/",F. A. Stafleu and E. A. Mennega,See http://www.sil.si.edu/DigitalCollections/tl-2/history.cfm for introduction.,http://www.sil.si.edu/DigitalCollections/tl-2/browse.cfm?vol=13#page/7,http://www.sil.si.edu/DigitalCollections/tl-2/browse.cfm,http://www.tdwg.org/standards/111,"Authors Do-E. Taxonomic Literature: a selective guide to botanical publications and collections with dates, commentaries and types, also known as TL-2, is an indispensable and essential resource that supports the research of systematic botanists and zoologists. In addition, TL-2 is an important reference tool in the science information field for librarians and information professionals working in Botany and other life sciences. Its coverage is international providing bibliographic analyses of works in many languages including English, French, German, and Latin. Overall, TL-2 provides the most comprehensive bibliographical and biographical coverage for systematic botany literature published between 1753 and 1940."
"Taxonomic Literature : A Selective Guide to Botanical Publications and Collections with Dates, Commentaries and Types (supp. 7)",http://rs-test.tdwg.org/tl/doc/s7/,2008,2008,A.R.G. Gantner Verlag K.G.,Copyright 2008 International Association for Plant Taxonomy (Europe). No part may be reproduced without permission of the copyright holder,,"Dorr, L. J. and D. H. Nicolson. 2008. Taxonomic Literature : A Selective Guide to Botanical Publications and Collections with Dates, Commentaries and Types (supp. 7). A.R.G. Gantner Verlag K.G. http://rs-test.tdwg.org/tl/doc/s7/",L. J. Dorr and D. H. Nicolson,See http://www.sil.si.edu/DigitalCollections/tl-2/history.cfm for introduction.,http://www.sil.si.edu/DigitalCollections/tl-2/browse.cfm?vol=14#page/7,http://www.sil.si.edu/DigitalCollections/tl-2/browse.cfm,http://www.tdwg.org/standards/111,"Authors F-Frer. Taxonomic Literature: a selective guide to botanical publications and collections with dates, commentaries and types, also known as TL-2, is an indispensable and essential resource that supports the research of systematic botanists and zoologists. In addition, TL-2 is an important reference tool in the science information field for librarians and information professionals working in Botany and other life sciences. Its coverage is international providing bibliographic analyses of works in many languages including English, French, German, and Latin. Overall, TL-2 provides the most comprehensive bibliographical and biographical coverage for systematic botany literature published between 1753 and 1940."
"Taxonomic Literature : A Selective Guide to Botanical Publications and Collections with Dates, Commentaries and Types (supp. 8)",http://rs-test.tdwg.org/tl/doc/s8/,2009,2009,A.R.G. Gantner Verlag K.G.,Copyright 2009 International Association for Plant Taxonomy (Europe). No part may be reproduced without permission of the copyright holder,,"Dorr, L. J. and D. H. Nicolson. 2009. Taxonomic Literature : A Selective Guide to Botanical Publications and Collections with Dates, Commentaries and Types (supp. 8). A.R.G. Gantner Verlag K.G. http://rs-test.tdwg.org/tl/doc/s8/",L. J. Dorr and D. H. Nicolson,See http://www.sil.si.edu/DigitalCollections/tl-2/history.cfm for introduction.,http://www.sil.si.edu/DigitalCollections/tl-2/browse.cfm?vol=15#page/7,http://www.sil.si.edu/DigitalCollections/tl-2/browse.cfm,http://www.tdwg.org/standards/111,"Authors Fres-G. Taxonomic Literature: a selective guide to botanical publications and collections with dates, commentaries and types, also known as TL-2, is an indispensable and essential resource that supports the research of systematic botanists and zoologists. In addition, TL-2 is an important reference tool in the science information field for librarians and information professionals working in Botany and other life sciences. Its coverage is international providing bibliographic analyses of works in many languages including English, French, German, and Latin. Overall, TL-2 provides the most comprehensive bibliographical and biographical coverage for systematic botany literature published between 1753 and 1940."
B-P-H-2: Periodicals with Botanical content (edition 2),http://rs-test.tdwg.org/bph/doc/,1968,2004,Hunt Institute for Botanical Documentation,Unknown,,"Bridson, G. D. R. 2004. B-P-H-2: Periodicals with Botanical content (edition 2). Hunt Institute for Botanical Documentation, Carnegie Mellon University (Pittsburgh). ISBN: 0913196789. http://rs-test.tdwg.org/bph/doc/",G. D. R. Bridson,The second edition includes material in both the first edition of B-H-P and the 1991 B-P-H/S supplement.  The print version is out of print.  See http://huntbotanical.org/publications/show.php?=92. The online database is at http://huntbotanical.org/databases/show.php?1,urn:isbn:0913196789,http://huntbotanical.org/publications/show.php?=92,http://www.tdwg.org/standards/112,This edition includes the abbreviations for titles of books.
