document_modified,term,term_localName,term_isDefinedBy,term_created,term_modified,term_deprecated,replaces_term,replaces1_term,replaces2_term,label,rdfs_comment,rdf_type
2017-09-23T06:53:00-05:00,http://digir.net/schema/conceptual/darwin/2003/1.0/BasisOfRecord,BasisOfRecord,http://digir.net/schema/conceptual/darwin/2003/1.0/,2003-06-13,2007-04-17,true,,,,Basis of Record,"A description indicating whether the record represents an observation, tissue sample, living organism, voucher specimen, germplasm/seed, genetic information, etc.",http://www.w3.org/1999/02/22-rdf-syntax-ns#Property
2017-09-23T06:53:00-05:00,http://digir.net/schema/conceptual/darwin/2003/1.0/BoundingBox,BoundingBox,http://digir.net/schema/conceptual/darwin/2003/1.0/,2003-06-13,2007-04-17,true,,,,Bounding Box,"This access point provides a mechanism for performing searches using a bounding box. A Bounding Box element is not typically present in the database, but rather is derived from the DecimalLatitude and DecimalLongitude columns by the data provider.",http://www.w3.org/1999/02/22-rdf-syntax-ns#Property
2017-09-23T06:53:00-05:00,http://digir.net/schema/conceptual/darwin/2003/1.0/CatalogNumber,CatalogNumber,http://digir.net/schema/conceptual/darwin/2003/1.0/,2003-06-13,2007-04-17,true,,,,Catalog Number,"A unique alphanumeric value which identifies an individual record within the collection. It is recommended that this value provides a key by which the actual specimen can be identified. If the specimen has several items such as various types of preparation, this value should identify the individual component of the specimen",http://www.w3.org/1999/02/22-rdf-syntax-ns#Property
2017-09-23T06:53:00-05:00,http://digir.net/schema/conceptual/darwin/2003/1.0/Class,Class,http://digir.net/schema/conceptual/darwin/2003/1.0/,2003-06-13,2007-04-17,true,,,,Class,The phylogenetic class to which the cataloged item belongs.,http://www.w3.org/1999/02/22-rdf-syntax-ns#Property
2017-09-23T06:53:00-05:00,http://digir.net/schema/conceptual/darwin/2003/1.0/CollectionCode,CollectionCode,http://digir.net/schema/conceptual/darwin/2003/1.0/,2003-06-13,2007-04-17,true,,,,Collection Code,A unique alphanumeric value that identifies the collection within the institution in which the item is cataloged. This attribute must contain no spaces.,http://www.w3.org/1999/02/22-rdf-syntax-ns#Property
2017-09-23T06:53:00-05:00,http://digir.net/schema/conceptual/darwin/2003/1.0/Collector,Collector,http://digir.net/schema/conceptual/darwin/2003/1.0/,2003-06-13,2007-04-17,true,,,,Collector,The name(s) of the collector(s) of the original data for the cataloged item.,http://www.w3.org/1999/02/22-rdf-syntax-ns#Property
2017-09-23T06:53:00-05:00,http://digir.net/schema/conceptual/darwin/2003/1.0/CollectorNumber,CollectorNumber,http://digir.net/schema/conceptual/darwin/2003/1.0/,2003-06-13,2007-04-17,true,,,,Collector Number,An identifying string applied to the cataloged item at the time of collection. Serves as a link between field notes and the cataloged items.,http://www.w3.org/1999/02/22-rdf-syntax-ns#Property
2017-09-23T06:53:00-05:00,http://digir.net/schema/conceptual/darwin/2003/1.0/ContinentOcean,ContinentOcean,http://digir.net/schema/conceptual/darwin/2003/1.0/,2003-06-13,2007-04-17,true,,,,Continent Ocean,"The full, unabbreviated name of the continent or ocean from which the cataloged item was collected.",http://www.w3.org/1999/02/22-rdf-syntax-ns#Property
2017-09-23T06:53:00-05:00,http://digir.net/schema/conceptual/darwin/2003/1.0/CoordinatePrecision,CoordinatePrecision,http://digir.net/schema/conceptual/darwin/2003/1.0/,2003-06-13,2007-04-17,true,,,,Coordinate Precision,"An estimate of how tightly the collecting locality was specified; expressed as a distance, in meters, that corresponds to a radius around the latitude-longitude coordinates. Use NULL where precision is unknown, cannot be estimated, or is not applicable.",http://www.w3.org/1999/02/22-rdf-syntax-ns#Property
2017-09-23T06:53:00-05:00,http://digir.net/schema/conceptual/darwin/2003/1.0/Country,Country,http://digir.net/schema/conceptual/darwin/2003/1.0/,2003-06-13,2007-04-17,true,,,,Country,"The full, unabbreviated name of the country or major political unit from which the cataloged item was collected.",http://www.w3.org/1999/02/22-rdf-syntax-ns#Property
2017-09-23T06:53:00-05:00,http://digir.net/schema/conceptual/darwin/2003/1.0/County,County,http://digir.net/schema/conceptual/darwin/2003/1.0/,2003-06-13,2007-04-17,true,,,,County,"The full, unabbreviated name of the county, shire, or municipality (i.e., the next smaller political region than StateProvince) from which the cataloged item was collected.",http://www.w3.org/1999/02/22-rdf-syntax-ns#Property
2017-09-23T06:53:00-05:00,http://digir.net/schema/conceptual/darwin/2003/1.0/DateLastModified,DateLastModified,http://digir.net/schema/conceptual/darwin/2003/1.0/,2003-06-13,2007-04-17,true,,,,Date Last Modified,"ISO 8601 date and time in UTC(GMT) when the record was last modified. Example: ""November 5, 1994, 8:15:30 am, US Eastern Standard Time"" would be ""1994-11-05T13:15:30Z"" (see http://www.w3.org/TR/NOTE-datetime).",http://www.w3.org/1999/02/22-rdf-syntax-ns#Property
2017-09-23T06:53:00-05:00,http://digir.net/schema/conceptual/darwin/2003/1.0/DayCollected,DayCollected,http://digir.net/schema/conceptual/darwin/2003/1.0/,2003-06-13,2007-04-17,true,,,,Day Collected,The two digit day of the month in the Common Era calendar during which the cataloged item was collected from the field.,http://www.w3.org/1999/02/22-rdf-syntax-ns#Property
2017-09-23T06:53:00-05:00,http://digir.net/schema/conceptual/darwin/2003/1.0/DayIdentified,DayIdentified,http://digir.net/schema/conceptual/darwin/2003/1.0/,2003-06-13,2007-04-17,true,,,,Day Identified,The two digit day of the month in the Common Era calendar during which the cataloged item was identified.,http://www.w3.org/1999/02/22-rdf-syntax-ns#Property
2017-09-23T06:53:00-05:00,http://digir.net/schema/conceptual/darwin/2003/1.0/Family,Family,http://digir.net/schema/conceptual/darwin/2003/1.0/,2003-06-13,2007-04-17,true,,,,Family,The phylogenetic family to which the cataloged item belongs.,http://www.w3.org/1999/02/22-rdf-syntax-ns#Property
2017-09-23T06:53:00-05:00,http://digir.net/schema/conceptual/darwin/2003/1.0/FieldNumber,FieldNumber,http://digir.net/schema/conceptual/darwin/2003/1.0/,2003-06-13,2007-04-17,true,,,,Field Number,An identifying string applied to a set of material that resulted from a single collecting event.,http://www.w3.org/1999/02/22-rdf-syntax-ns#Property
2017-09-23T06:53:00-05:00,http://digir.net/schema/conceptual/darwin/2003/1.0/Genus,Genus,http://digir.net/schema/conceptual/darwin/2003/1.0/,2003-06-13,2007-04-17,true,,,,Genus,The phylogenetic genus to which the cataloged item belongs.,http://www.w3.org/1999/02/22-rdf-syntax-ns#Property
2017-09-23T06:53:00-05:00,http://digir.net/schema/conceptual/darwin/2003/1.0/IdentifiedBy,IdentifiedBy,http://digir.net/schema/conceptual/darwin/2003/1.0/,2003-06-13,2007-04-17,true,,,,Identified By,The name(s) of the person(s) who applied the currently accepted ScientificName to the cataloged item.,http://www.w3.org/1999/02/22-rdf-syntax-ns#Property
2017-09-23T06:53:00-05:00,http://digir.net/schema/conceptual/darwin/2003/1.0/IndividualCount,IndividualCount,http://digir.net/schema/conceptual/darwin/2003/1.0/,2003-06-13,2007-04-17,true,,,,Individual Count,The number of individuals present in the lot or container referred to by the catalog number. Not an estimate of abundance or density at the collecting locality.,http://www.w3.org/1999/02/22-rdf-syntax-ns#Property
2017-09-23T06:53:00-05:00,http://digir.net/schema/conceptual/darwin/2003/1.0/InstitutionCode,InstitutionCode,http://digir.net/schema/conceptual/darwin/2003/1.0/,2003-06-13,2007-04-17,true,,,,Institution Code,"A code that identifies the institution to which the cataloged item belongs. No global registry exists for institutional codes; use the code that is ""standard"" in your discipline. This attribute must contain no spaces.",http://www.w3.org/1999/02/22-rdf-syntax-ns#Property
2017-09-23T06:53:00-05:00,http://digir.net/schema/conceptual/darwin/2003/1.0/JulianDay,JulianDay,http://digir.net/schema/conceptual/darwin/2003/1.0/,2003-06-13,2007-04-17,true,,,,Julian Day,"The ordinal day of the year (i.e., the number of days since December 31 of the previous year; January 1 is Julian Day 1) on which the cataloged item was collected. May be derived from the YearCollected, MonthCollected, and DayCollected by the provider.",http://www.w3.org/1999/02/22-rdf-syntax-ns#Property
2017-09-23T06:53:00-05:00,http://digir.net/schema/conceptual/darwin/2003/1.0/Kingdom,Kingdom,http://digir.net/schema/conceptual/darwin/2003/1.0/,2003-06-13,2007-04-17,true,,,,Kingdom,The phylogenetic kingdom to which the cataloged item belongs.,http://www.w3.org/1999/02/22-rdf-syntax-ns#Property
2017-09-23T06:53:00-05:00,http://digir.net/schema/conceptual/darwin/2003/1.0/Latitude,Latitude,http://digir.net/schema/conceptual/darwin/2003/1.0/,2003-06-13,2007-04-17,true,,,,Latitude,The latitude of the location from which the specimen was collected. This value should be expressed in decimal degrees with a datum such as WGS-84,http://www.w3.org/1999/02/22-rdf-syntax-ns#Property
2017-09-23T06:53:00-05:00,http://digir.net/schema/conceptual/darwin/2003/1.0/Locality,Locality,http://digir.net/schema/conceptual/darwin/2003/1.0/,2003-06-13,2007-04-17,true,,,,Locality,"The description of the locality from which the cataloged item was collected, sans geographic information provided in other geographic fields.",http://www.w3.org/1999/02/22-rdf-syntax-ns#Property
2017-09-23T06:53:00-05:00,http://digir.net/schema/conceptual/darwin/2003/1.0/Longitude,Longitude,http://digir.net/schema/conceptual/darwin/2003/1.0/,2003-06-13,2007-04-17,true,,,,Longitude,The longitude of the location from which the specimen was collected. This value should be expressed in decimal degrees with a datum such as WGS-84,http://www.w3.org/1999/02/22-rdf-syntax-ns#Property
2017-09-23T06:53:00-05:00,http://digir.net/schema/conceptual/darwin/2003/1.0/MaximumDepth,MaximumDepth,http://digir.net/schema/conceptual/darwin/2003/1.0/,2003-06-13,2007-04-17,true,,,,Maximum Depth,"The maximum distance in meters below the surface of the water at which the collection was made; all material collected was at most this deep. Positive below the surface, negative above (e.g. collecting above sea level in tidal areas).",http://www.w3.org/1999/02/22-rdf-syntax-ns#Property
2017-09-23T06:53:00-05:00,http://digir.net/schema/conceptual/darwin/2003/1.0/MaximumElevation,MaximumElevation,http://digir.net/schema/conceptual/darwin/2003/1.0/,2003-06-13,2007-04-17,true,,,,Maximum Elevation,The maximum distance in meters above (positive) or below sea level of the collecting locality.,http://www.w3.org/1999/02/22-rdf-syntax-ns#Property
2017-09-23T06:53:00-05:00,http://digir.net/schema/conceptual/darwin/2003/1.0/MinimumDepth,MinimumDepth,http://digir.net/schema/conceptual/darwin/2003/1.0/,2003-06-13,2007-04-17,true,,,,Minimum Depth,"The minimum distance in meters below the surface of the water at which the collection was made; all material collected was at least this deep. Positive below the surface, negative above (e.g. collecting above sea level in tidal areas).",http://www.w3.org/1999/02/22-rdf-syntax-ns#Property
2017-09-23T06:53:00-05:00,http://digir.net/schema/conceptual/darwin/2003/1.0/MinimumElevation,MinimumElevation,http://digir.net/schema/conceptual/darwin/2003/1.0/,2003-06-13,2007-04-17,true,,,,Minimum Elevation,The minimum distance in meters above (positive) or below sea level of the collecting locality.,http://www.w3.org/1999/02/22-rdf-syntax-ns#Property
2017-09-23T06:53:00-05:00,http://digir.net/schema/conceptual/darwin/2003/1.0/MonthCollected,MonthCollected,http://digir.net/schema/conceptual/darwin/2003/1.0/,2003-06-13,2007-04-17,true,,,,Month Collected,The two digit month of year in the Common Era calendar during which the cataloged item was collected from the field.,http://www.w3.org/1999/02/22-rdf-syntax-ns#Property
2017-09-23T06:53:00-05:00,http://digir.net/schema/conceptual/darwin/2003/1.0/MonthIdentified,MonthIdentified,http://digir.net/schema/conceptual/darwin/2003/1.0/,2003-06-13,2007-04-17,true,,,,Month Identified,The two digit month in the Common Era calendar during which the cataloged item was identified.,http://www.w3.org/1999/02/22-rdf-syntax-ns#Property
2017-09-23T06:53:00-05:00,http://digir.net/schema/conceptual/darwin/2003/1.0/Notes,Notes,http://digir.net/schema/conceptual/darwin/2003/1.0/,2003-06-13,2007-04-17,true,,,,Notes,Free text notes attached to the specimen record,http://www.w3.org/1999/02/22-rdf-syntax-ns#Property
2017-09-23T06:53:00-05:00,http://digir.net/schema/conceptual/darwin/2003/1.0/Order,Order,http://digir.net/schema/conceptual/darwin/2003/1.0/,2003-06-13,2007-04-17,true,,,,Order,The phylogenetic order to which the cataloged item belongs.,http://www.w3.org/1999/02/22-rdf-syntax-ns#Property
2017-09-23T06:53:00-05:00,http://digir.net/schema/conceptual/darwin/2003/1.0/Phylum,Phylum,http://digir.net/schema/conceptual/darwin/2003/1.0/,2003-06-13,2007-04-17,true,,,,Phylum,The phylogenetic phylum (or division) to which the cataloged item belongs.,http://www.w3.org/1999/02/22-rdf-syntax-ns#Property
2017-09-23T06:53:00-05:00,http://digir.net/schema/conceptual/darwin/2003/1.0/PreparationType,PreparationType,http://digir.net/schema/conceptual/darwin/2003/1.0/,2003-06-13,2007-04-17,true,,,,Preparation Type,"The type of preparation (skin. slide, etc). Probably best to add this as a record element rather than access point. Should be a list of preparations for a single collection record.",http://www.w3.org/1999/02/22-rdf-syntax-ns#Property
2017-09-23T06:53:00-05:00,http://digir.net/schema/conceptual/darwin/2003/1.0/PreviousCatalogNumber,PreviousCatalogNumber,http://digir.net/schema/conceptual/darwin/2003/1.0/,2003-06-13,2007-04-17,true,,,,Previous Catalog Number,"The previous (fully qualified) catalog number of the Cataloged Item if the item earlier identified by another Catalog Number, either in the current catalog or another Institution / catalog. A fully qualified Catalog Number is preceded by Institution Code and Collection Code, with a space separating the each subelement. Referencing a previous Catalog Number does not imply that a record for the referenced item is or is not present in the corresponding catalog, or even that the referenced catalog still exists. This access point is intended to provide a way to retrieve this record by previously used identifier, which may used in the literature. In future versions of this schema this attribute should be set-valued.",http://www.w3.org/1999/02/22-rdf-syntax-ns#Property
2017-09-23T06:53:00-05:00,http://digir.net/schema/conceptual/darwin/2003/1.0/RelatedCatalogItem,RelatedCatalogItem,http://digir.net/schema/conceptual/darwin/2003/1.0/,2003-06-13,2007-04-17,true,,,,Related Cataloged Item,"The fully qualified identifier of a related Catalog Item (a reference to another specimen); Institution Code, Collection Code, and Catalog Number of the related Cataloged Item, where a space separates the three subelements.",http://www.w3.org/1999/02/22-rdf-syntax-ns#Property
2017-09-23T06:53:00-05:00,http://digir.net/schema/conceptual/darwin/2003/1.0/RelationshipType,RelationshipType,http://digir.net/schema/conceptual/darwin/2003/1.0/,2003-06-13,2007-04-17,true,,,,Relationship Type,"A named or coded valued that identifies the kind relationship between this Collection Item and the referenced Collection Item. Named values include: ""parasite of"", ""epiphyte on"", ""progeny of"", etc. In future versions of this schema this attribute should be set-valued.",http://www.w3.org/1999/02/22-rdf-syntax-ns#Property
2017-09-23T06:53:00-05:00,http://digir.net/schema/conceptual/darwin/2003/1.0/ScientificName,ScientificName,http://digir.net/schema/conceptual/darwin/2003/1.0/,2003-06-13,2007-04-17,true,,,,Scientific Name,"The full name of lowest level taxon to which the cataloged item can be identified (e.g., genus name, specific epithet, subspecific epithet, etc.).",http://www.w3.org/1999/02/22-rdf-syntax-ns#Property
2017-09-23T06:53:00-05:00,http://digir.net/schema/conceptual/darwin/2003/1.0/ScientificNameAuthor,ScientificNameAuthor,http://digir.net/schema/conceptual/darwin/2003/1.0/,2003-06-13,2007-04-17,true,,,,Scientific Name Author,The author of the ScientificName. Can be more than one author in a concatenated string. Should be formatted according to the conventions of the applicable taxonomic discipline.,http://www.w3.org/1999/02/22-rdf-syntax-ns#Property
2017-09-23T06:53:00-05:00,http://digir.net/schema/conceptual/darwin/2003/1.0/Sex,Sex,http://digir.net/schema/conceptual/darwin/2003/1.0/,2003-06-13,2007-04-17,true,,,,Sex,"The sex of a cataloged item (e.g., male, female, hermaphrodite, gynandromorph, not recorded, indeterminate, transitional - between sexes, for sequential hermaphrodites).",http://www.w3.org/1999/02/22-rdf-syntax-ns#Property
2017-09-23T06:53:00-05:00,http://digir.net/schema/conceptual/darwin/2003/1.0/Species,Species,http://digir.net/schema/conceptual/darwin/2003/1.0/,2003-06-13,2007-04-17,true,,,,Species,The phylogenetic specific epithet of the cataloged item.,http://www.w3.org/1999/02/22-rdf-syntax-ns#Property
2017-09-23T06:53:00-05:00,http://digir.net/schema/conceptual/darwin/2003/1.0/StateProvince,StateProvince,http://digir.net/schema/conceptual/darwin/2003/1.0/,2003-06-13,2007-04-17,true,,,,State Province,"The full, unabbreviated name of the state, province, or region (i.e., the next smaller political region than Country) from which the cataloged item was collected.",http://www.w3.org/1999/02/22-rdf-syntax-ns#Property
2017-09-23T06:53:00-05:00,http://digir.net/schema/conceptual/darwin/2003/1.0/TimeOfDay,TimeOfDay,http://digir.net/schema/conceptual/darwin/2003/1.0/,2003-06-13,2007-04-17,true,,,,Time of Day,"The time of day a specimen was collected expressed as decimal hours from midnight local time (e.g. 12.0 = mid day, 13.5 = 1:30pm)",http://www.w3.org/1999/02/22-rdf-syntax-ns#Property
2017-09-23T06:53:00-05:00,http://digir.net/schema/conceptual/darwin/2003/1.0/TypeStatus,TypeStatus,http://digir.net/schema/conceptual/darwin/2003/1.0/,2003-06-13,2007-04-17,true,,,,Type Status,"A list of one or more nomenclatural types that the cataloged item represents (e.g., ""holotype of Ctenomys sociabilis. Pearson O. P., and M. I. Christie. 1985. Historia Natural, 5(37):388."").",http://www.w3.org/1999/02/22-rdf-syntax-ns#Property
2017-09-23T06:53:00-05:00,http://digir.net/schema/conceptual/darwin/2003/1.0/YearCollected,YearCollected,http://digir.net/schema/conceptual/darwin/2003/1.0/,2003-06-13,2007-04-17,true,,,,Year Collected,The four digit year in the Common Era calendar in which the cataloged item was collected.,http://www.w3.org/1999/02/22-rdf-syntax-ns#Property
2017-09-23T06:53:00-05:00,http://digir.net/schema/conceptual/darwin/2003/1.0/YearIdentified,YearIdentified,http://digir.net/schema/conceptual/darwin/2003/1.0/,2003-06-13,2007-04-17,true,,,,Year Identified,The four digit year in the Common Era calendar in which the cataloged item was identified as having the ScientificName.,http://www.w3.org/1999/02/22-rdf-syntax-ns#Property
2017-09-23T06:53:00-05:00,http://digir.net/schema/conceptual/darwin/2003/1.0/AgeClass,AgeClass,http://digir.net/schema/conceptual/darwin/2003/1.0/,2003-06-17,2007-04-17,true,,,,Age Class,"The age class, reproductive stage, life stage of the biological individual (e.g., juvenile, adult, eft, nymph, etc.).",http://www.w3.org/1999/02/22-rdf-syntax-ns#Property
2017-09-23T06:53:00-05:00,http://digir.net/schema/conceptual/darwin/2003/1.0/CatalogNumberNumeric,CatalogNumberNumeric,http://digir.net/schema/conceptual/darwin/2003/1.0/,2003-06-17,2007-04-17,true,,,,Catalog Number Numeric,"The CatalogNumber as a numeric value, if applicable. Allows searching on numeric ranges of CatalogNumbers.",http://www.w3.org/1999/02/22-rdf-syntax-ns#Property
2017-09-23T06:53:00-05:00,http://digir.net/schema/conceptual/darwin/2003/1.0/CatalogNumberText,CatalogNumberText,http://digir.net/schema/conceptual/darwin/2003/1.0/,2003-06-17,2007-04-17,true,http://digir.net/schema/conceptual/darwin/2003/1.0/CatalogNumber,,,Catalog Number Text,An alphanumeric value which identifies an individual cataloged item within the collection. It is recommended that this value provides a key by which the individual cataloged item can be identified.,http://www.w3.org/1999/02/22-rdf-syntax-ns#Property
2017-09-23T06:53:00-05:00,http://digir.net/schema/conceptual/darwin/2003/1.0/CoordinateUncertaintyInMeters,CoordinateUncertaintyInMeters,http://digir.net/schema/conceptual/darwin/2003/1.0/,2003-06-17,2007-04-17,true,http://digir.net/schema/conceptual/darwin/2003/1.0/CoordinatePrecision,,,Coordinate Uncertainty In Meters,"The upper limit of the distance (in meters) from the given latitude and longitude describing a circle within which the whole of the described locality must lie. Use NULL where the uncertainty is unknown, cannot be estimated, or is not applicable.",http://www.w3.org/1999/02/22-rdf-syntax-ns#Property
2017-09-23T06:53:00-05:00,http://digir.net/schema/conceptual/darwin/2003/1.0/DecimalLatitude,DecimalLatitude,http://digir.net/schema/conceptual/darwin/2003/1.0/,2003-06-17,2007-04-17,true,http://digir.net/schema/conceptual/darwin/2003/1.0/Latitude,,,Decimal Latitude,"The latitude of the location from which the cataloged item was collected, expressed in decimal degrees.",http://www.w3.org/1999/02/22-rdf-syntax-ns#Property
2017-09-23T06:53:00-05:00,http://digir.net/schema/conceptual/darwin/2003/1.0/DecimalLongitude,DecimalLongitude,http://digir.net/schema/conceptual/darwin/2003/1.0/,2003-06-17,2007-04-17,true,http://digir.net/schema/conceptual/darwin/2003/1.0/Longitude,,,Decimal Longitude,"The longitude of the location from which the cataloged item was collected, expressed in decimal degrees.",http://www.w3.org/1999/02/22-rdf-syntax-ns#Property
2017-09-23T06:53:00-05:00,http://digir.net/schema/conceptual/darwin/2003/1.0/FieldNotes,FieldNotes,http://digir.net/schema/conceptual/darwin/2003/1.0/,2003-06-17,2007-04-17,true,,,,Field Notes,"A reference to, or flag marking the existence of notes taken in the field for the cataloged item.",http://www.w3.org/1999/02/22-rdf-syntax-ns#Property
2017-09-23T06:53:00-05:00,http://digir.net/schema/conceptual/darwin/2003/1.0/GenBankNum,GenBankNum,http://digir.net/schema/conceptual/darwin/2003/1.0/,2003-06-17,2007-04-17,true,,,,Gen Bank Num,GenBank Accession number.,http://www.w3.org/1999/02/22-rdf-syntax-ns#Property
2017-09-23T06:53:00-05:00,http://digir.net/schema/conceptual/darwin/2003/1.0/GeorefMethod,GeorefMethod,http://digir.net/schema/conceptual/darwin/2003/1.0/,2003-06-17,2007-04-17,true,,,,Georef Method,A reference to the methods used for determining the coordinates and uncertainties.,http://www.w3.org/1999/02/22-rdf-syntax-ns#Property
2017-09-23T06:53:00-05:00,http://digir.net/schema/conceptual/darwin/2003/1.0/HigherGeography,HigherGeography,http://digir.net/schema/conceptual/darwin/2003/1.0/,2003-06-17,2007-04-17,true,,,,Higher Geography,"The combination of all geographic elements less specific than locality. ""Like"" query operations on this element will search for a substring in any of the higher geography attributes.",http://www.w3.org/1999/02/22-rdf-syntax-ns#Property
2017-09-23T06:53:00-05:00,http://digir.net/schema/conceptual/darwin/2003/1.0/HigherTaxon,HigherTaxon,http://digir.net/schema/conceptual/darwin/2003/1.0/,2003-06-17,2007-04-17,true,,,,Higher Taxon,"The combination of names of taxonomic ranks less specific than Genus. ""Like"" query operations on this element will search for a substring in any of the higher taxon attributes.",http://www.w3.org/1999/02/22-rdf-syntax-ns#Property
2017-09-23T06:53:00-05:00,http://digir.net/schema/conceptual/darwin/2003/1.0/HorizontalDatum,HorizontalDatum,http://digir.net/schema/conceptual/darwin/2003/1.0/,2003-06-17,2007-04-17,true,,,,Horizontal Datum,The horizontal geodetic datum to which the DecimalLatitude and DecimalLongitude refer.,http://www.w3.org/1999/02/22-rdf-syntax-ns#Property
2017-09-23T06:53:00-05:00,http://digir.net/schema/conceptual/darwin/2003/1.0/IdentificationModifier,IdentificationModifier,http://digir.net/schema/conceptual/darwin/2003/1.0/,2003-06-17,2007-04-17,true,,,,Identification Modifier,"Additional information documenting the taxonomic determination of the cataloged item (e.g., ""cf."", ""aff."", ""subspecies in question"", etc.).",http://www.w3.org/1999/02/22-rdf-syntax-ns#Property
2017-09-23T06:53:00-05:00,http://digir.net/schema/conceptual/darwin/2003/1.0/Island,Island,http://digir.net/schema/conceptual/darwin/2003/1.0/,2003-06-17,2007-04-17,true,,,,Island,"The full, unabbreviated name of the island from which the cataloged item was collected.",http://www.w3.org/1999/02/22-rdf-syntax-ns#Property
2017-09-23T06:53:00-05:00,http://digir.net/schema/conceptual/darwin/2003/1.0/IslandGroup,IslandGroup,http://digir.net/schema/conceptual/darwin/2003/1.0/,2003-06-17,2007-04-17,true,,,,Island Group,"The full, unabbreviated name of the island group from which the cataloged item was collected.",http://www.w3.org/1999/02/22-rdf-syntax-ns#Property
2017-09-23T06:53:00-05:00,http://digir.net/schema/conceptual/darwin/2003/1.0/LatLongComments,LatLongComments,http://digir.net/schema/conceptual/darwin/2003/1.0/,2003-06-17,2007-04-17,true,,,,Lat Long Comments,Comments about the LatLong determination.,http://www.w3.org/1999/02/22-rdf-syntax-ns#Property
2017-09-23T06:53:00-05:00,http://digir.net/schema/conceptual/darwin/2003/1.0/MaximumDepthInMeters,MaximumDepthInMeters,http://digir.net/schema/conceptual/darwin/2003/1.0/,2003-06-17,2007-04-17,true,http://digir.net/schema/conceptual/darwin/2003/1.0/MaximumDepth,,,Maximum Depth In Meters,"The maximum distance in meters below the surface of the water at which the collection was made; all material collected was at most this deep. Positive below the surface, negative above (e.g., collecting above sea level in tidal areas).",http://www.w3.org/1999/02/22-rdf-syntax-ns#Property
2017-09-23T06:53:00-05:00,http://digir.net/schema/conceptual/darwin/2003/1.0/MaximumElevationInMeters,MaximumElevationInMeters,http://digir.net/schema/conceptual/darwin/2003/1.0/,2003-06-17,2007-04-17,true,http://digir.net/schema/conceptual/darwin/2003/1.0/MaximumElevation,,,Maximum Elevation In Meters,The maximum distance in meters above (positive) or below sea level of the collecting locality.,http://www.w3.org/1999/02/22-rdf-syntax-ns#Property
2017-09-23T06:53:00-05:00,http://digir.net/schema/conceptual/darwin/2003/1.0/MinimumDepthInMeters,MinimumDepthInMeters,http://digir.net/schema/conceptual/darwin/2003/1.0/,2003-06-17,2007-04-17,true,http://digir.net/schema/conceptual/darwin/2003/1.0/MinimumDepth,,,Minimum Depth In Meters,"The minimum distance in meters below the surface of the water at which the collection was made; all material collected was at least this deep. Positive below the surface, negative above (e.g., collecting above sea level in tidal areas).",http://www.w3.org/1999/02/22-rdf-syntax-ns#Property
2017-09-23T06:53:00-05:00,http://digir.net/schema/conceptual/darwin/2003/1.0/MinimumElevationInMeters,MinimumElevationInMeters,http://digir.net/schema/conceptual/darwin/2003/1.0/,2003-06-17,2007-04-17,true,http://digir.net/schema/conceptual/darwin/2003/1.0/MinimumElevation,,,Minimum Elevation In Meters,The minimum distance in meters above (positive) or below sea level of the collecting locality.,http://www.w3.org/1999/02/22-rdf-syntax-ns#Property
2017-09-23T06:53:00-05:00,http://digir.net/schema/conceptual/darwin/2003/1.0/OriginalCoordinateSystem,OriginalCoordinateSystem,http://digir.net/schema/conceptual/darwin/2003/1.0/,2003-06-17,2007-04-17,true,,,,Original Coordinate System,"The name of the system in which the original geographic coordinates were recorded (e.g., ""decimal degrees"", ""degrees minutes seconds"", ""UTM"", etc.).",http://www.w3.org/1999/02/22-rdf-syntax-ns#Property
2017-09-23T06:53:00-05:00,http://digir.net/schema/conceptual/darwin/2003/1.0/OtherCatalogNumbers,OtherCatalogNumbers,http://digir.net/schema/conceptual/darwin/2003/1.0/,2003-06-17,2007-04-17,true,http://digir.net/schema/conceptual/darwin/2003/1.0/PreviousCatalogNumber,,,Other Catalog Numbers,A list of previous or alternative fully qualified catalog numbers of the cataloged item whether in the current collection or in any other.,http://www.w3.org/1999/02/22-rdf-syntax-ns#Property
2017-09-23T06:53:00-05:00,http://digir.net/schema/conceptual/darwin/2003/1.0/Preparations,Preparations,http://digir.net/schema/conceptual/darwin/2003/1.0/,2003-06-17,2007-04-17,true,http://digir.net/schema/conceptual/darwin/2003/1.0/PreparationType,,,Preparations,"A concatenated list of preparations and preservation methods (skin, skull, skeleton, whole animal (ETOH), slide, etc.) for the cataloged item.",http://www.w3.org/1999/02/22-rdf-syntax-ns#Property
2017-09-23T06:53:00-05:00,http://digir.net/schema/conceptual/darwin/2003/1.0/RelatedCatalogedItems,RelatedCatalogedItems,http://digir.net/schema/conceptual/darwin/2003/1.0/,2003-06-17,2007-04-17,true,http://digir.net/schema/conceptual/darwin/2003/1.0/RelatedCatalogItem,,,Related Cataloged Items,"The fully qualified identifier (Institution Code + "" "" + Collection Code + "" "" + Catalog Number) of the related Cataloged Item, preceded by the nature of the relationship (e.g., (sibling of) MVZ Mamm 1234).",http://www.w3.org/1999/02/22-rdf-syntax-ns#Property
2017-09-23T06:53:00-05:00,http://digir.net/schema/conceptual/darwin/2003/1.0/Remarks,Remarks,http://digir.net/schema/conceptual/darwin/2003/1.0/,2003-06-17,2007-04-17,true,http://digir.net/schema/conceptual/darwin/2003/1.0/Notes,,,Remarks,Free text comments accompanying the cataloged item record.,http://www.w3.org/1999/02/22-rdf-syntax-ns#Property
2017-09-23T06:53:00-05:00,http://digir.net/schema/conceptual/darwin/2003/1.0/Subspecies,Subspecies,http://digir.net/schema/conceptual/darwin/2003/1.0/,2003-06-17,2007-04-17,true,,,,Subspecies,The phylogenetic subspecific epithet of the cataloged item.,http://www.w3.org/1999/02/22-rdf-syntax-ns#Property
2017-09-23T06:53:00-05:00,http://digir.net/schema/conceptual/darwin/2003/1.0/TimeCollected,TimeCollected,http://digir.net/schema/conceptual/darwin/2003/1.0/,2003-06-17,2007-04-17,true,http://digir.net/schema/conceptual/darwin/2003/1.0/TimeOfDay,,,Time Collected,"The time of day the cataloged item was collected, expressed as decimal hours from midnight, local time (e.g., 12.0 = noon, 13.5 = 1:30pm).",http://www.w3.org/1999/02/22-rdf-syntax-ns#Property
2017-09-23T06:53:00-05:00,http://digir.net/schema/conceptual/darwin/2003/1.0/Tissues,Tissues,http://digir.net/schema/conceptual/darwin/2003/1.0/,2003-06-17,2007-04-17,true,,,,Tissues,"A concatenated list of tissues and preservation methods (whole (frozen), liver (EDTA), etc.) for the cataloged item.",http://www.w3.org/1999/02/22-rdf-syntax-ns#Property
2017-09-23T06:53:00-05:00,http://digir.net/schema/conceptual/darwin/2003/1.0/VerbatimCollectingDate,VerbatimCollectingDate,http://digir.net/schema/conceptual/darwin/2003/1.0/,2003-06-17,2007-04-17,true,,,,Verbatim Collecting Date,The verbatim original representation of the date information for the collecting event.,http://www.w3.org/1999/02/22-rdf-syntax-ns#Property
2017-09-23T06:53:00-05:00,http://digir.net/schema/conceptual/darwin/2003/1.0/VerbatimDepth,VerbatimDepth,http://digir.net/schema/conceptual/darwin/2003/1.0/,2003-06-17,2007-04-17,true,,,,Verbatim Depth,A text representation of the Depth in its original format in the source database.,http://www.w3.org/1999/02/22-rdf-syntax-ns#Property
2017-09-23T06:53:00-05:00,http://digir.net/schema/conceptual/darwin/2003/1.0/VerbatimElevation,VerbatimElevation,http://digir.net/schema/conceptual/darwin/2003/1.0/,2003-06-17,2007-04-17,true,,,,Verbatim Elevation,A text representation of the Elevation in its original format in the source database.,http://www.w3.org/1999/02/22-rdf-syntax-ns#Property
2017-09-23T06:53:00-05:00,http://digir.net/schema/conceptual/darwin/2003/1.0/VerbatimLatitude,VerbatimLatitude,http://digir.net/schema/conceptual/darwin/2003/1.0/,2003-06-17,2007-04-17,true,,,,Verbatim Latitude,A text representation of the Latitude data in its original format in the source database.,http://www.w3.org/1999/02/22-rdf-syntax-ns#Property
2017-09-23T06:53:00-05:00,http://digir.net/schema/conceptual/darwin/2003/1.0/VerbatimLongitude,VerbatimLongitude,http://digir.net/schema/conceptual/darwin/2003/1.0/,2003-06-17,2007-04-17,true,,,,Verbatim Longitude,A text representation of the Longitude data in its original format in the source database.,http://www.w3.org/1999/02/22-rdf-syntax-ns#Property
2017-09-23T06:53:00-05:00,http://digir.net/schema/conceptual/darwin/extension/paleontology/1.0/Bed,Bed,http://digir.net/schema/conceptual/darwin/extension/paleontology/1.0/,2005-07-03,2009-04-24,true,,,,Bed,The full name of the lithostratigraphic bed from which the cataloged item was collected.,http://www.w3.org/1999/02/22-rdf-syntax-ns#Property
2017-09-23T06:53:00-05:00,http://digir.net/schema/conceptual/darwin/extension/paleontology/1.0/EarliestAgeOrLowestStage,EarliestAgeOrLowestStage,http://digir.net/schema/conceptual/darwin/extension/paleontology/1.0/,2005-07-03,2009-04-24,true,,,,Earliest Age Or Lowest Stage,The full name of the earliest possible geochronologic age or lowest chronostratigraphic stage attributable to the stratigraphic horizon from which the cataloged item was collected.,http://www.w3.org/1999/02/22-rdf-syntax-ns#Property
2017-09-23T06:53:00-05:00,http://digir.net/schema/conceptual/darwin/extension/paleontology/1.0/EarliestEonOrLowestEonothem,EarliestEonOrLowestEonothem,http://digir.net/schema/conceptual/darwin/extension/paleontology/1.0/,2005-07-03,2009-04-24,true,,,,Earliest Eon Or Lowest Eonothem,"The full name of the earliest possible geochronologic eon or lowest chrono-stratigraphic eonothem or the informal name (""Precambrian"") attributable to the stratigraphic horizon from which the cataloged item was collected.",http://www.w3.org/1999/02/22-rdf-syntax-ns#Property
2017-09-23T06:53:00-05:00,http://digir.net/schema/conceptual/darwin/extension/paleontology/1.0/EarliestEpochOrLowestSeries,EarliestEpochOrLowestSeries,http://digir.net/schema/conceptual/darwin/extension/paleontology/1.0/,2005-07-03,2009-04-24,true,,,,Earliest Epoch Or Lowest Series,The full name of the earliest possible geochronologic epoch or lowest chronostratigraphic series attributable to the stratigraphic horizon from which the cataloged item was collected.,http://www.w3.org/1999/02/22-rdf-syntax-ns#Property
2017-09-23T06:53:00-05:00,http://digir.net/schema/conceptual/darwin/extension/paleontology/1.0/EarliestEraOrLowestErathem,EarliestEraOrLowestErathem,http://digir.net/schema/conceptual/darwin/extension/paleontology/1.0/,2005-07-03,2009-04-24,true,,,,Earliest Era Or Lowest Erathem,The full name of the earliest possible geochronologic era or lowest chronostratigraphic erathem attributable to the stratigraphic horizon from which the cataloged item was collected.,http://www.w3.org/1999/02/22-rdf-syntax-ns#Property
2017-09-23T06:53:00-05:00,http://digir.net/schema/conceptual/darwin/extension/paleontology/1.0/EarliestPeriodOrLowestSystem,EarliestPeriodOrLowestSystem,http://digir.net/schema/conceptual/darwin/extension/paleontology/1.0/,2005-07-03,2009-04-24,true,,,,Earliest Period Or Lowest System,The full name of the earliest possible geochronologic period or lowest chronostratigraphic system attributable to the stratigraphic horizon from which the cataloged item was collected.,http://www.w3.org/1999/02/22-rdf-syntax-ns#Property
2017-09-23T06:53:00-05:00,http://digir.net/schema/conceptual/darwin/extension/paleontology/1.0/Formation,Formation,http://digir.net/schema/conceptual/darwin/extension/paleontology/1.0/,2005-07-03,2009-04-24,true,,,,Formation,The full name of the lithostratigraphic formation from which the cataloged item was collected.,http://www.w3.org/1999/02/22-rdf-syntax-ns#Property
2017-09-23T06:53:00-05:00,http://digir.net/schema/conceptual/darwin/extension/paleontology/1.0/Group,Group,http://digir.net/schema/conceptual/darwin/extension/paleontology/1.0/,2005-07-03,2009-04-24,true,,,,Group,The full name of the lithostratigraphic group from which the cataloged item was collected.,http://www.w3.org/1999/02/22-rdf-syntax-ns#Property
2017-09-23T06:53:00-05:00,http://digir.net/schema/conceptual/darwin/extension/paleontology/1.0/HighestBiostratigraphicZone,HighestBiostratigraphicZone,http://digir.net/schema/conceptual/darwin/extension/paleontology/1.0/,2005-07-03,2009-04-24,true,,,,Highest Biostratigraphic Zone,The full name of the highest possible geological biostratigraphic zone of the stratigraphic horizon from which the cataloged item was collected.,http://www.w3.org/1999/02/22-rdf-syntax-ns#Property
2017-09-23T06:53:00-05:00,http://digir.net/schema/conceptual/darwin/extension/paleontology/1.0/LatestAgeOrHighestStage,LatestAgeOrHighestStage,http://digir.net/schema/conceptual/darwin/extension/paleontology/1.0/,2005-07-03,2009-04-24,true,,,,Latest AgeOr Highest Stage,The full name of the latest possible geochronologic age or highest chronostratigraphic stage attributable to the stratigraphic horizon from which the cataloged item was collected.,http://www.w3.org/1999/02/22-rdf-syntax-ns#Property
2017-09-23T06:53:00-05:00,http://digir.net/schema/conceptual/darwin/extension/paleontology/1.0/LatestEonOrHighestEonothem,LatestEonOrHighestEonothem,http://digir.net/schema/conceptual/darwin/extension/paleontology/1.0/,2005-07-03,2009-04-24,true,,,,Latest Eon Or Highest Eonothem,"The full name of the latest possible geochronologic eon or highest chrono-stratigraphic eonothem or the informal name (""Precambrian"") attributable to the stratigraphic horizon from which the cataloged item was collected.",http://www.w3.org/1999/02/22-rdf-syntax-ns#Property
2017-09-23T06:53:00-05:00,http://digir.net/schema/conceptual/darwin/extension/paleontology/1.0/LatestEpochOrHighestSeries,LatestEpochOrHighestSeries,http://digir.net/schema/conceptual/darwin/extension/paleontology/1.0/,2005-07-03,2009-04-24,true,,,,Latest Epoch Or Highest Series,The full name of the latest possible geochronologic epoch or highest chronostratigraphic series attributable to the stratigraphic horizon from which the cataloged item was collected.,http://www.w3.org/1999/02/22-rdf-syntax-ns#Property
2017-09-23T06:53:00-05:00,http://digir.net/schema/conceptual/darwin/extension/paleontology/1.0/LatestEraOrHighestErathem,LatestEraOrHighestErathem,http://digir.net/schema/conceptual/darwin/extension/paleontology/1.0/,2005-07-03,2009-04-24,true,,,,Latest Era Or Highest Erathem,The full name of the latest possible geochronologic era or highest chronostratigraphic erathem attributable to the stratigraphic horizon from which the cataloged item was collected.,http://www.w3.org/1999/02/22-rdf-syntax-ns#Property
2017-09-23T06:53:00-05:00,http://digir.net/schema/conceptual/darwin/extension/paleontology/1.0/LatestPeriodOrHighestSystem,LatestPeriodOrHighestSystem,http://digir.net/schema/conceptual/darwin/extension/paleontology/1.0/,2005-07-03,2009-04-24,true,,,,Latest Period Or Highest System,The full name of the latest possible geochronologic period or highest chronostratigraphic system attributable to the stratigraphic horizon from which the cataloged item was collected.,http://www.w3.org/1999/02/22-rdf-syntax-ns#Property
2017-09-23T06:53:00-05:00,http://digir.net/schema/conceptual/darwin/extension/paleontology/1.0/LithostratigraphicTerms,LithostratigraphicTerms,http://digir.net/schema/conceptual/darwin/extension/paleontology/1.0/,2005-07-03,2009-04-24,true,,,,Lithostratigraphic Terms,The combination of all litho-stratigraphic names for the rock from which the cataloged item was collected.,http://www.w3.org/1999/02/22-rdf-syntax-ns#Property
2017-09-23T06:53:00-05:00,http://digir.net/schema/conceptual/darwin/extension/paleontology/1.0/LowestBiostratigraphicZone,LowestBiostratigraphicZone,http://digir.net/schema/conceptual/darwin/extension/paleontology/1.0/,2005-07-03,2009-04-24,true,,,,Lowest Biostratigraphic Zone,The full name of the lowest possible geological biostratigraphic zone of the stratigraphic horizon from which the cataloged item was collected.,http://www.w3.org/1999/02/22-rdf-syntax-ns#Property
2017-09-23T06:53:00-05:00,http://digir.net/schema/conceptual/darwin/extension/paleontology/1.0/Member,Member,http://digir.net/schema/conceptual/darwin/extension/paleontology/1.0/,2005-07-03,2009-04-24,true,,,,Member,The full name of the lithostratigraphic member from which the cataloged item was collected.,http://www.w3.org/1999/02/22-rdf-syntax-ns#Property
2017-09-23T06:53:00-05:00,http://gensc.org/ns/mixs/source_mat_id,source_mat_id,http://gensc.org/ns/mixs/,2011-01-26,2013-05-25,true,,,,source material identifiers,"A unique identifier assigned to a material sample (as defined by http://rs-test.tdwg.org/dwc/terms/MaterialSampleID, and as opposed to a particular digital record of a material sample) used for extracting nucleic acids, and subsequent sequencing. The identifier can refer either to the original material collected or to any derived sub-samples. The INSDC qualifiers /specimen_voucher, /bio_material, or /culture_collection provide additional context and suggested syntax for this identifier for data submitted to INSDC databases.",http://www.w3.org/1999/02/22-rdf-syntax-ns#Property
