document_version,contributor_iri,contributor_literal,contributor_role,role_uri,affiliation,affiliation_uri
http://rs-test.tdwg.org/sds/doc/specification/2017-04-25,http://orcid.org/0000-0003-4365-3135,Steve Baskauf,lead author,http://www.wikidata.org/entity/Q482980,TDWG Vocabulary Maintenance Specification Task Group,http://www.wikidata.org/entity/Q4914768
http://rs-test.tdwg.org/sds/doc/specification/2017-04-25,http://orcid.org/0000-0003-4581-1379,Roger Hyam,author,http://www.wikidata.org/entity/Q482980,TDWG Infrastructure Project,http://www.wikidata.org/entity/Q4914768
http://rs-test.tdwg.org/sds/doc/specification/2017-04-25,http://orcid.org/0000-0002-4419-6960,Stanley Blum,author,http://www.wikidata.org/entity/Q482980,TDWG Process Interest Group,http://www.wikidata.org/entity/Q4914768
http://rs-test.tdwg.org/sds/doc/specification/2017-04-25,http://orcid.org/0000-0002-6992-9446,Robert A. Morris,author,http://www.wikidata.org/entity/Q482980,"UMASS-Boston, TDWG Imaging Interest Group",http://www.wikidata.org/entity/Q15144
http://rs-test.tdwg.org/sds/doc/specification/2017-04-25,http://orcid.org/0000-0001-7694-8250,Jonathan Rees,author,http://www.wikidata.org/entity/Q482980,Duke University,http://www.wikidata.org/entity/Q168751
http://rs-test.tdwg.org/sds/doc/specification/2017-04-25,http://orcid.org/0000-0001-8332-2571,Joel Sachs,author,http://www.wikidata.org/entity/Q482980,TDWG RDF Task Group,http://www.wikidata.org/entity/Q4914768
http://rs-test.tdwg.org/sds/doc/specification/2017-04-25,http://orcid.org/0000-0002-2954-9027,Greg Whitbread,author,http://www.wikidata.org/entity/Q482980,TDWG Technical Architecture Group,http://www.wikidata.org/entity/Q4914768
http://rs-test.tdwg.org/sds/doc/specification/2017-04-25,http://orcid.org/0000-0003-1144-0290,John Wieczorek,author,http://www.wikidata.org/entity/Q482980,TDWG Darwin Core Task Group,http://www.wikidata.org/entity/Q4914768
http://rs-test.tdwg.org/sds/doc/specification/2017-04-25,http://orcid.org/0000-0002-2352-5497,Dag Endresen,review manager,http://www.wikidata.org/entity/Q2462658,GBIF Norway/NHM University of Oslo,http://www.wikidata.org/entity/Q1531570
http://rs-test.tdwg.org/sds/doc/specification/2007-07-17,http://orcid.org/0000-0003-4581-1379,Roger Hyam,lead author,http://www.wikidata.org/entity/Q482980,TDWG Infrastructure Project,http://www.wikidata.org/entity/Q4914768
http://rs-test.tdwg.org/vms/doc/specification/2017-04-25,http://orcid.org/0000-0003-4365-3135,Steve Baskauf,lead author,http://www.wikidata.org/entity/Q482980,TDWG Vocabulary Maintenance Specification Task Group,http://www.wikidata.org/entity/Q4914768
http://rs-test.tdwg.org/vms/doc/specification/2017-04-25,http://orcid.org/0000-0003-1144-0290,John Wieczorek,author,http://www.wikidata.org/entity/Q482980,TDWG Darwin Core Task Group,http://www.wikidata.org/entity/Q4914768
http://rs-test.tdwg.org/vms/doc/specification/2017-04-25,http://orcid.org/0000-0002-4419-6960,Stanley Blum,author,http://www.wikidata.org/entity/Q482980,TDWG Process Interest Group,http://www.wikidata.org/entity/Q4914768
http://rs-test.tdwg.org/vms/doc/specification/2017-04-25,http://orcid.org/0000-0002-6992-9446,Robert A. Morris,author,http://www.wikidata.org/entity/Q482980,"UMASS-Boston, TDWG Imaging Interest Group",http://www.wikidata.org/entity/Q15144
http://rs-test.tdwg.org/vms/doc/specification/2017-04-25,http://orcid.org/0000-0001-7694-8250,Jonathan Rees,author,http://www.wikidata.org/entity/Q482980,Duke University,http://www.wikidata.org/entity/Q168751
http://rs-test.tdwg.org/vms/doc/specification/2017-04-25,http://orcid.org/0000-0001-8332-2571,Joel Sachs,author,http://www.wikidata.org/entity/Q482980,TDWG RDF Task Group,http://www.wikidata.org/entity/Q4914768
http://rs-test.tdwg.org/vms/doc/specification/2017-04-25,http://orcid.org/0000-0002-2954-9027,Greg Whitbread,author,http://www.wikidata.org/entity/Q482980,TDWG Technical Architecture Group,http://www.wikidata.org/entity/Q4914768
http://rs-test.tdwg.org/vms/doc/specification/2017-04-25,http://orcid.org/0000-0002-2352-5497,Dag Endresen,review manager,http://www.wikidata.org/entity/Q2462658,GBIF Norway/NHM University of Oslo,http://www.wikidata.org/entity/Q1531570
http://rs-test.tdwg.org/ac/doc/termlist/2013-10-23,http://orcid.org/0000-0002-6992-9446,Robert A. Morris,lead author,http://www.wikidata.org/entity/Q482980,"University of Massachusetts at Boston, USA",http://www.wikidata.org/entity/Q15144
http://rs-test.tdwg.org/ac/doc/termlist/2013-10-23,http://orcid.org/0000-0002-4852-2567,Vijay Barve,author,http://www.wikidata.org/entity/Q482980,,
http://rs-test.tdwg.org/ac/doc/termlist/2013-10-23,http://orcid.org/0000-0002-8234-0599,Mihail Carausu,author,http://www.wikidata.org/entity/Q482980,"Danish Biodiversity Information Facility (DanBIF), Copenhagen, Denmark",
http://rs-test.tdwg.org/ac/doc/termlist/2013-10-23,http://orcid.org/0000-0002-3425-6499,Vishwas Chavan,author,http://www.wikidata.org/entity/Q482980,"Global Biodiversity Information Facility, Copenhagen, Denmark",http://www.wikidata.org/entity/Q1531570
http://rs-test.tdwg.org/ac/doc/termlist/2013-10-23,http://www.wikidata.org/entity/Q51883873,José Cuadra,author,http://www.wikidata.org/entity/Q482980,,
http://rs-test.tdwg.org/ac/doc/termlist/2013-10-23,http://orcid.org/0000-0002-2541-5822,Chris Freeland,author,http://www.wikidata.org/entity/Q482980,"Missouri Botanical Garden, St. Louis, USA",http://www.wikidata.org/entity/Q1852803
http://rs-test.tdwg.org/ac/doc/termlist/2013-10-23,http://orcid.org/0000-0001-7023-7386,Gregor Hagedorn,author,http://www.wikidata.org/entity/Q482980,"JKI, Federal Research Institute for Cultivated Plants, Berlin, Germany",http://www.wikidata.org/entity/Q832099
http://rs-test.tdwg.org/ac/doc/termlist/2013-10-23,http://orcid.org/0000-0001-5172-8577,Patrick Leary,author,http://www.wikidata.org/entity/Q482980,,
http://rs-test.tdwg.org/ac/doc/termlist/2013-10-23,http://orcid.org/0000-0003-1593-1417,Dimitry Mozzherin,author,http://www.wikidata.org/entity/Q482980,"Encyclopedia of Life, Woods Hole, USA",http://www.wikidata.org/entity/Q82486
http://rs-test.tdwg.org/ac/doc/termlist/2013-10-23,http://orcid.org/0000-0002-0772-0022,Annette Olson,author,http://www.wikidata.org/entity/Q482980,American Association for the Advancement of Science,http://www.wikidata.org/entity/Q40358
http://rs-test.tdwg.org/ac/doc/termlist/2013-10-23,http://orcid.org/0000-0002-3850-9983,Greg Riccardi,author,http://www.wikidata.org/entity/Q482980,"Florida State University, Tallahassee, USA",http://www.wikidata.org/entity/Q861548
http://rs-test.tdwg.org/ac/doc/termlist/2013-10-23,http://orcid.org/0000-0003-4176-2274,Ivan Teage,author,http://www.wikidata.org/entity/Q482980,,
http://rs-test.tdwg.org/ac/doc/termlist/2013-10-23,http://orcid.org/0000-0003-4365-3135,Steve Baskauf,review manager,http://www.wikidata.org/entity/Q2462658,"Vanderbilt University, Nashville, TN, USA",http://www.wikidata.org/entity/Q29052
http://rs-test.tdwg.org/ac/doc/structure/2013-10-23,http://orcid.org/0000-0002-6992-9446,Robert A. Morris,lead author,http://www.wikidata.org/entity/Q482980,"University of Massachusetts at Boston, USA",http://www.wikidata.org/entity/Q15144
http://rs-test.tdwg.org/ac/doc/structure/2013-10-23,http://orcid.org/0000-0002-4852-2567,Vijay Barve,author,http://www.wikidata.org/entity/Q482980,,
http://rs-test.tdwg.org/ac/doc/structure/2013-10-23,http://orcid.org/0000-0002-8234-0599,Mihail Carausu,author,http://www.wikidata.org/entity/Q482980,"Danish Biodiversity Information Facility (DanBIF), Copenhagen, Denmark",
http://rs-test.tdwg.org/ac/doc/structure/2013-10-23,http://orcid.org/0000-0002-3425-6499,Vishwas Chavan,author,http://www.wikidata.org/entity/Q482980,"Global Biodiversity Information Facility, Copenhagen, Denmark",http://www.wikidata.org/entity/Q1531570
http://rs-test.tdwg.org/ac/doc/structure/2013-10-23,http://www.wikidata.org/entity/Q51883873,José Cuadra,author,http://www.wikidata.org/entity/Q482980,,
http://rs-test.tdwg.org/ac/doc/structure/2013-10-23,http://orcid.org/0000-0002-2541-5822,Chris Freeland,author,http://www.wikidata.org/entity/Q482980,"Missouri Botanical Garden, St. Louis, USA",http://www.wikidata.org/entity/Q1852803
http://rs-test.tdwg.org/ac/doc/structure/2013-10-23,http://orcid.org/0000-0001-7023-7386,Gregor Hagedorn,author,http://www.wikidata.org/entity/Q482980,"JKI, Federal Research Institute for Cultivated Plants, Berlin, Germany",http://www.wikidata.org/entity/Q832099
http://rs-test.tdwg.org/ac/doc/structure/2013-10-23,http://orcid.org/0000-0001-5172-8577,Patrick Leary,author,http://www.wikidata.org/entity/Q482980,,
http://rs-test.tdwg.org/ac/doc/structure/2013-10-23,http://orcid.org/0000-0003-1593-1417,Dimitry Mozzherin,author,http://www.wikidata.org/entity/Q482980,"Encyclopedia of Life, Woods Hole, USA",http://www.wikidata.org/entity/Q82486
http://rs-test.tdwg.org/ac/doc/structure/2013-10-23,http://orcid.org/0000-0002-0772-0022,Annette Olson,author,http://www.wikidata.org/entity/Q482980,American Association for the Advancement of Science,http://www.wikidata.org/entity/Q40358
http://rs-test.tdwg.org/ac/doc/structure/2013-10-23,http://orcid.org/0000-0002-3850-9983,Greg Riccardi,author,http://www.wikidata.org/entity/Q482980,"Florida State University, Tallahassee, USA",http://www.wikidata.org/entity/Q861548
http://rs-test.tdwg.org/ac/doc/structure/2013-10-23,http://orcid.org/0000-0003-4176-2274,Ivan Teage,author,http://www.wikidata.org/entity/Q482980,,
http://rs-test.tdwg.org/ac/doc/structure/2013-10-23,http://orcid.org/0000-0003-4365-3135,Steve Baskauf,review manager,http://www.wikidata.org/entity/Q2462658,"Vanderbilt University, Nashville, TN, USA",http://www.wikidata.org/entity/Q29052
http://rs-test.tdwg.org/ac/doc/introduction/2013-10-23,http://orcid.org/0000-0002-6992-9446,Robert A. Morris,lead author,http://www.wikidata.org/entity/Q482980,"University of Massachusetts at Boston, USA",http://www.wikidata.org/entity/Q15144
http://rs-test.tdwg.org/ac/doc/introduction/2013-10-23,http://orcid.org/0000-0002-4852-2567,Vijay Barve,author,http://www.wikidata.org/entity/Q482980,,
http://rs-test.tdwg.org/ac/doc/introduction/2013-10-23,http://orcid.org/0000-0002-8234-0599,Mihail Carausu,author,http://www.wikidata.org/entity/Q482980,"Danish Biodiversity Information Facility (DanBIF), Copenhagen, Denmark",
http://rs-test.tdwg.org/ac/doc/introduction/2013-10-23,http://orcid.org/0000-0002-3425-6499,Vishwas Chavan,author,http://www.wikidata.org/entity/Q482980,"Global Biodiversity Information Facility, Copenhagen, Denmark",http://www.wikidata.org/entity/Q1531570
http://rs-test.tdwg.org/ac/doc/introduction/2013-10-23,http://www.wikidata.org/entity/Q51883873,José Cuadra,author,http://www.wikidata.org/entity/Q482980,,
http://rs-test.tdwg.org/ac/doc/introduction/2013-10-23,http://orcid.org/0000-0002-2541-5822,Chris Freeland,author,http://www.wikidata.org/entity/Q482980,"Missouri Botanical Garden, St. Louis, USA",
http://rs-test.tdwg.org/ac/doc/introduction/2013-10-23,http://orcid.org/0000-0001-7023-7386,Gregor Hagedorn,author,http://www.wikidata.org/entity/Q482980,"JKI, Federal Research Institute for Cultivated Plants, Berlin, Germany",http://www.wikidata.org/entity/Q832099
http://rs-test.tdwg.org/ac/doc/introduction/2013-10-23,http://orcid.org/0000-0001-5172-8577,Patrick Leary,author,http://www.wikidata.org/entity/Q482980,,
http://rs-test.tdwg.org/ac/doc/introduction/2013-10-23,http://orcid.org/0000-0003-1593-1417,Dimitry Mozzherin,author,http://www.wikidata.org/entity/Q482980,"Encyclopedia of Life, Woods Hole, USA",http://www.wikidata.org/entity/Q82486
http://rs-test.tdwg.org/ac/doc/introduction/2013-10-23,http://orcid.org/0000-0002-0772-0022,Annette Olson,author,http://www.wikidata.org/entity/Q482980,American Association for the Advancement of Science,http://www.wikidata.org/entity/Q40358
http://rs-test.tdwg.org/ac/doc/introduction/2013-10-23,http://orcid.org/0000-0002-3850-9983,Greg Riccardi,author,http://www.wikidata.org/entity/Q482980,"Florida State University, Tallahassee, USA",http://www.wikidata.org/entity/Q861548
http://rs-test.tdwg.org/ac/doc/introduction/2013-10-23,http://orcid.org/0000-0003-4176-2274,Ivan Teage,author,http://www.wikidata.org/entity/Q482980,,
http://rs-test.tdwg.org/ac/doc/introduction/2013-10-23,http://orcid.org/0000-0003-4365-3135,Steve Baskauf,review manager,http://www.wikidata.org/entity/Q2462658,"Vanderbilt University, Nashville, TN, USA",http://www.wikidata.org/entity/Q29052
http://rs-test.tdwg.org/ac/doc/guide/2013-10-15,http://orcid.org/0000-0002-8234-0599,Mihail Carausu,author,http://www.wikidata.org/entity/Q482980,"Danish Biodiversity Information Facility (DanBIF), Copenhagen, Denmark",
http://rs-test.tdwg.org/ac/doc/guide/2013-10-15,http://orcid.org/0000-0002-3425-6499,Vishwas Chavan,author,http://www.wikidata.org/entity/Q482980,"Global Biodiversity Information Facility, Copenhagen, Denmark",http://www.wikidata.org/entity/Q1531570
http://rs-test.tdwg.org/ac/doc/guide/2013-10-15,http://orcid.org/0000-0002-2541-5822,Chris Freeland,author,http://www.wikidata.org/entity/Q482980,"Missouri Botanical Garden, St. Louis, USA",http://www.wikidata.org/entity/Q1852803
http://rs-test.tdwg.org/ac/doc/guide/2013-10-15,http://orcid.org/0000-0001-7023-7386,Gregor Hagedorn,author,http://www.wikidata.org/entity/Q482980,"JKI, Federal Research Institute for Cultivated Plants, Berlin, Germany",http://www.wikidata.org/entity/Q832099
http://rs-test.tdwg.org/ac/doc/guide/2013-10-15,http://orcid.org/0000-0002-6992-9446,Robert A. Morris,lead author,http://www.wikidata.org/entity/Q482980,"University of Massachusetts at Boston, USA",http://www.wikidata.org/entity/Q15144
http://rs-test.tdwg.org/ac/doc/guide/2013-10-15,http://orcid.org/0000-0003-1593-1417,Dimitry Mozzherin,author,http://www.wikidata.org/entity/Q482980,"Encyclopedia of Life, Woods Hole, USA",http://www.wikidata.org/entity/Q82486
http://rs-test.tdwg.org/ac/doc/guide/2013-10-15,http://orcid.org/0000-0002-0772-0022,Annette Olson,author,http://www.wikidata.org/entity/Q482980,American Association for the Advancement of Science,http://www.wikidata.org/entity/Q40358
http://rs-test.tdwg.org/ac/doc/guide/2013-10-15,http://orcid.org/0000-0002-3850-9983,Greg Riccardi,author,http://www.wikidata.org/entity/Q482980,"Florida State University, Tallahassee, USA",http://www.wikidata.org/entity/Q861548
http://rs-test.tdwg.org/ac/doc/guide/2013-10-15,http://www.wikidata.org/entity/Q28913578,Éamonn Ó Tuama,author,http://www.wikidata.org/entity/Q482980,"Global Biodiversity Information Facility, Copenhagen, Denmark",http://www.wikidata.org/entity/Q1531570
http://rs-test.tdwg.org/guid/doc/guidas/2010-09-09,http://www.wikidata.org/entity/Q51883936,Kevin Richards,lead author,http://www.wikidata.org/entity/Q482980,Landcare Research,http://www.wikidata.org/entity/Q1801980
http://rs-test.tdwg.org/guid/doc/lsidas/2009-09-03,http://www.wikidata.org/entity/Q51883958,Ricardo Scachetti-Pereira,author,http://www.wikidata.org/entity/Q482980,TDWG Infrastructure Project,http://www.wikidata.org/entity/Q4914768
http://rs-test.tdwg.org/guid/doc/lsidas/2009-09-03,http://www.wikidata.org/entity/Q51883936,Kevin Richards,author,http://www.wikidata.org/entity/Q482980,Landcare Research,http://www.wikidata.org/entity/Q1801980
http://rs-test.tdwg.org/guid/doc/lsidas/2009-09-03,http://orcid.org/0000-0001-6492-4016,Donald Hobern,author,http://www.wikidata.org/entity/Q482980,Global Biodiversity Information Facility,http://www.wikidata.org/entity/Q1531570
http://rs-test.tdwg.org/guid/doc/lsidas/2009-09-03,http://orcid.org/0000-0003-4581-1379,Roger Hyam,author,http://www.wikidata.org/entity/Q482980,TDWG Infrastructure Project,http://www.wikidata.org/entity/Q4914768
http://rs-test.tdwg.org/guid/doc/lsidas/2009-09-03,http://orcid.org/0000-0001-8900-6203,Lee Belbin,author,http://www.wikidata.org/entity/Q482980,TDWG Infrastructure Project,http://www.wikidata.org/entity/Q4914768
http://rs-test.tdwg.org/guid/doc/lsidas/2009-09-03,http://orcid.org/0000-0002-4419-6960,Stanley Blum,author,http://www.wikidata.org/entity/Q482980,California Academy of Sciences,http://www.wikidata.org/entity/Q965731
http://rs-test.tdwg.org/dwc/index/2015-06-05,http://orcid.org/0000-0003-1144-0290,John Wieczorek,lead author,http://www.wikidata.org/entity/Q482980,Museum of Vertebrate Zoology at Berkeley,http://www.wikidata.org/entity/Q1954759
http://rs-test.tdwg.org/dwc/index/2015-06-05,http://orcid.org/0000-0001-7757-1889,Markus Döring,author,http://www.wikidata.org/entity/Q482980,Global Biodiversity Information Facility,http://www.wikidata.org/entity/Q1531570
http://rs-test.tdwg.org/dwc/index/2015-06-05,http://orcid.org/0000-0002-7104-7266,Renato De Giovanni,author,http://www.wikidata.org/entity/Q482980,Centro de Referência em Informação Ambiental,http://www.wikidata.org/entity/Q29168927
http://rs-test.tdwg.org/dwc/index/2015-06-05,http://orcid.org/0000-0001-6215-3617,Tim Robertson,author,http://www.wikidata.org/entity/Q482980,Global Biodiversity Information Facility,http://www.wikidata.org/entity/Q1531570
http://rs-test.tdwg.org/dwc/index/2015-06-05,http://orcid.org/0000-0002-6513-4996,Dave Vieglais,author,http://www.wikidata.org/entity/Q482980,KU Natural History Museum,http://www.wikidata.org/entity/Q1111807
http://rs-test.tdwg.org/dwc/index/2015-06-05,http://orcid.org/0000-0002-5178-4170,Gail E. Kampmeier,review manager,http://www.wikidata.org/entity/Q2462658,University of Illinois at Urbana-Champaign,http://www.wikidata.org/entity/Q457281
http://rs-test.tdwg.org/dwc/terms/guides/rdf/2015-06-02,http://orcid.org/0000-0003-4365-3135,Steve Baskauf,lead author,http://www.wikidata.org/entity/Q482980,TDWG RDF/OWL Task Group,http://www.wikidata.org/entity/Q4914768
http://rs-test.tdwg.org/dwc/terms/guides/rdf/2015-06-02,http://orcid.org/0000-0003-1144-0290,John Wieczorek,author,http://www.wikidata.org/entity/Q482980,TDWG Darwin Core Task Group,http://www.wikidata.org/entity/Q4914768
http://rs-test.tdwg.org/dwc/terms/guides/rdf/2015-06-02,http://orcid.org/0000-0002-5905-1617,John Deck ,author,http://www.wikidata.org/entity/Q482980,Genomic Biodiversity Working Group,
http://rs-test.tdwg.org/dwc/terms/guides/rdf/2015-06-02,http://orcid.org/0000-0003-1031-3249 ,Campbell Webb ,author,http://www.wikidata.org/entity/Q482980,TDWG RDF/OWL Task Group,http://www.wikidata.org/entity/Q4914768
http://rs-test.tdwg.org/dwc/terms/guides/rdf/2015-06-02,http://purl.oclc.org/net/edu.harvard.huh/guid/uuid/5e51de22-d841-4c47-b0c4-d5ad0bd03035,Paul J. Morris ,author,http://www.wikidata.org/entity/Q482980,Harvard University Herbaria/Museum of Comparative Zoölogy,http://www.wikidata.org/entity/Q51926077
http://rs-test.tdwg.org/dwc/terms/guides/rdf/2015-06-02,http://orcid.org/0000-0003-0632-7576,Mark Schildhauer ,author,http://www.wikidata.org/entity/Q482980,National Center for Ecological Analysis and Synthesis,http://www.wikidata.org/entity/Q6971323
http://rs-test.tdwg.org/dwc/terms/guides/text/2014-11-08,http://orcid.org/0000-0001-6215-3617,Tim Robertson,lead author,http://www.wikidata.org/entity/Q482980,Global Biodiversity Information Facility,http://www.wikidata.org/entity/Q1531570
http://rs-test.tdwg.org/dwc/terms/guides/text/2014-11-08,http://orcid.org/0000-0001-7757-1889,Markus Döring,author,http://www.wikidata.org/entity/Q482980,Global Biodiversity Information Facility,http://www.wikidata.org/entity/Q1531570
http://rs-test.tdwg.org/dwc/terms/guides/text/2014-11-08,http://orcid.org/0000-0003-1144-0290,John Wieczorek,author,http://www.wikidata.org/entity/Q482980,TDWG Darwin Core Task Group,http://www.wikidata.org/entity/Q4914768
http://rs-test.tdwg.org/dwc/terms/guides/text/2014-11-08,http://orcid.org/0000-0002-7104-7266,Renato De Giovanni,author,http://www.wikidata.org/entity/Q482980,Centro de Referência em Informação Ambiental,http://www.wikidata.org/entity/Q29168927
http://rs-test.tdwg.org/dwc/terms/guides/text/2014-11-08,http://orcid.org/0000-0002-6513-4996,Dave Vieglais,author,http://www.wikidata.org/entity/Q482980,KU Natural History Museum,http://www.wikidata.org/entity/Q1111807
http://rs-test.tdwg.org/dwc/terms/guides/text/2014-11-08,http://orcid.org/0000-0002-5178-4170,Gail E. Kampmeier,review manager,http://www.wikidata.org/entity/Q2462658,University of Illinois at Urbana-Champaign,http://www.wikidata.org/entity/Q457281
http://rs-test.tdwg.org/dwc/terms/guides/xml/2014-11-08,http://orcid.org/0000-0003-1144-0290,John Wieczorek,lead author,http://www.wikidata.org/entity/Q482980,Museum of Vertebrate Zoology at Berkeley,http://www.wikidata.org/entity/Q1954759
http://rs-test.tdwg.org/dwc/terms/guides/xml/2014-11-08,http://orcid.org/0000-0001-7757-1889,Markus Döring,author,http://www.wikidata.org/entity/Q482980,Global Biodiversity Information Facility,http://www.wikidata.org/entity/Q1531570
http://rs-test.tdwg.org/dwc/terms/guides/xml/2014-11-08,http://orcid.org/0000-0002-7104-7266,Renato De Giovanni,author,http://www.wikidata.org/entity/Q482980,Centro de Referência em Informação Ambiental,http://www.wikidata.org/entity/Q29168927
http://rs-test.tdwg.org/dwc/terms/guides/xml/2014-11-08,http://orcid.org/0000-0001-6215-3617,Tim Robertson,author,http://www.wikidata.org/entity/Q482980,Global Biodiversity Information Facility,http://www.wikidata.org/entity/Q1531570
http://rs-test.tdwg.org/dwc/terms/guides/xml/2014-11-08,http://orcid.org/0000-0002-6513-4996,Dave Vieglais,author,http://www.wikidata.org/entity/Q482980,KU Natural History Museum,http://www.wikidata.org/entity/Q1111807
http://rs-test.tdwg.org/dwc/terms/guides/xml/2014-11-08,http://orcid.org/0000-0002-5178-4170,Gail E. Kampmeier,review manager,http://www.wikidata.org/entity/Q2462658,University of Illinois at Urbana-Champaign,http://www.wikidata.org/entity/Q457281
http://rs-test.tdwg.org/dwc/terms/simple/2014-11-08,http://orcid.org/0000-0003-1144-0290,John Wieczorek,lead author,http://www.wikidata.org/entity/Q482980,Museum of Vertebrate Zoology at Berkeley,http://www.wikidata.org/entity/Q1954759
http://rs-test.tdwg.org/dwc/terms/simple/2014-11-08,http://orcid.org/0000-0001-7757-1889,Markus Döring,author,http://www.wikidata.org/entity/Q482980,Global Biodiversity Information Facility,http://www.wikidata.org/entity/Q1531570
http://rs-test.tdwg.org/dwc/terms/simple/2014-11-08,http://orcid.org/0000-0002-7104-7266,Renato De Giovanni,author,http://www.wikidata.org/entity/Q482980,Centro de Referência em Informação Ambiental,http://www.wikidata.org/entity/Q29168927
http://rs-test.tdwg.org/dwc/terms/simple/2014-11-08,http://orcid.org/0000-0001-6215-3617,Tim Robertson,author,http://www.wikidata.org/entity/Q482980,Global Biodiversity Information Facility,http://www.wikidata.org/entity/Q1531570
http://rs-test.tdwg.org/dwc/terms/simple/2014-11-08,http://orcid.org/0000-0002-6513-4996,Dave Vieglais,author,http://www.wikidata.org/entity/Q482980,KU Natural History Museum,http://www.wikidata.org/entity/Q1111807
http://rs-test.tdwg.org/dwc/terms/simple/2014-11-08,http://orcid.org/0000-0002-5178-4170,Gail E. Kampmeier,review manager,http://www.wikidata.org/entity/Q2462658,University of Illinois at Urbana-Champaign,http://www.wikidata.org/entity/Q457281
http://rs-test.tdwg.org/dwc/terms/namespace/2018-08-26,http://orcid.org/0000-0003-1144-0290,John Wieczorek,lead author,http://www.wikidata.org/entity/Q482980,Museum of Vertebrate Zoology at Berkeley,http://www.wikidata.org/entity/Q1954759
http://rs-test.tdwg.org/dwc/terms/namespace/2018-08-26,http://orcid.org/0000-0001-7757-1889,Markus Döring,author,http://www.wikidata.org/entity/Q482980,Global Biodiversity Information Facility,http://www.wikidata.org/entity/Q1531570
http://rs-test.tdwg.org/dwc/terms/namespace/2018-08-26,http://orcid.org/0000-0002-7104-7266,Renato De Giovanni,author,http://www.wikidata.org/entity/Q482980,Centro de Referência em Informação Ambiental,http://www.wikidata.org/entity/Q29168927
http://rs-test.tdwg.org/dwc/terms/namespace/2018-08-26,http://orcid.org/0000-0001-6215-3617,Tim Robertson,author,http://www.wikidata.org/entity/Q482980,Global Biodiversity Information Facility,http://www.wikidata.org/entity/Q1531570
http://rs-test.tdwg.org/dwc/terms/namespace/2018-08-26,http://orcid.org/0000-0002-6513-4996,Dave Vieglais,author,http://www.wikidata.org/entity/Q482980,KU Natural History Museum,http://www.wikidata.org/entity/Q1111807
http://rs-test.tdwg.org/dwc/terms/namespace/2018-08-26,http://orcid.org/0000-0002-5178-4170,Gail E. Kampmeier,review manager,http://www.wikidata.org/entity/Q2462658,University of Illinois at Urbana-Champaign,http://www.wikidata.org/entity/Q457281
http://rs-test.tdwg.org/tapir/doc/summary/2007-08-28,http://orcid.org/0000-0002-7104-7266,Renato De Giovanni,lead author,http://www.wikidata.org/entity/Q482980,Centro de Referência em Informação Ambiental,http://www.wikidata.org/entity/Q29168927
http://rs-test.tdwg.org/tapir/doc/specification/2010-05-05,http://orcid.org/0000-0002-7104-7266,Renato De Giovanni,lead author,http://www.wikidata.org/entity/Q482980,Centro de Referência em Informação Ambiental,http://www.wikidata.org/entity/Q29168927
http://rs-test.tdwg.org/tapir/doc/specification/2010-05-05,http://www.wikidata.org/entity/Q51883987,Charles Copp,lead author,http://www.wikidata.org/entity/Q482980,Environmental Information Management ,
http://rs-test.tdwg.org/tapir/doc/specification/2010-05-05,http://orcid.org/0000-0001-7757-1889,Markus Döring,author,http://www.wikidata.org/entity/Q482980,Botanic Garden and Botanical Museum Berlin-Dahlem ,http://www.wikidata.org/entity/Q163255
http://rs-test.tdwg.org/tapir/doc/specification/2010-05-05,http://orcid.org/0000-0002-4325-4030,Anton Güntsch,author,http://www.wikidata.org/entity/Q482980,Botanic Garden and Botanical Museum Berlin-Dahlem ,http://www.wikidata.org/entity/Q163255
http://rs-test.tdwg.org/tapir/doc/specification/2010-05-05,http://orcid.org/0000-0002-6513-4996,Dave Vieglais,author,http://www.wikidata.org/entity/Q482980,KU Natural History Museum,http://www.wikidata.org/entity/Q1111807
http://rs-test.tdwg.org/tapir/doc/specification/2010-05-05,http://orcid.org/0000-0001-6492-4016,Donald Hobern,author,http://www.wikidata.org/entity/Q482980,Global Biodiversity Information Facility,http://www.wikidata.org/entity/Q1531570
http://rs-test.tdwg.org/tapir/doc/specification/2010-05-05,http://www.wikidata.org/entity/Q51883962,Javier de la Torre,author,http://www.wikidata.org/entity/Q482980,Botanic Garden and Botanical Museum Berlin-Dahlem ,http://www.wikidata.org/entity/Q163255
http://rs-test.tdwg.org/tapir/doc/specification/2010-05-05,http://orcid.org/0000-0003-1144-0290,John Wieczorek,author,http://www.wikidata.org/entity/Q482980,Museum of Vertebrate Zoology at Berkeley,http://www.wikidata.org/entity/Q1954759
http://rs-test.tdwg.org/tapir/doc/specification/2010-05-05,http://www.wikidata.org/entity/Q51883993,Robert Gales,author,http://www.wikidata.org/entity/Q482980,KU Natural History Museum,http://www.wikidata.org/entity/Q1111807
http://rs-test.tdwg.org/tapir/doc/specification/2010-05-05,http://orcid.org/0000-0003-4581-1379,Roger Hyam,author,http://www.wikidata.org/entity/Q482980,TDWG,http://www.wikidata.org/entity/Q4914768
http://rs-test.tdwg.org/tapir/doc/specification/2010-05-05,http://orcid.org/0000-0002-4419-6960,Stanley Blum,author,http://www.wikidata.org/entity/Q482980,California Academy of Sciences,http://www.wikidata.org/entity/Q965731
http://rs-test.tdwg.org/tapir/doc/specification/2010-05-05,http://www.wikidata.org/entity/Q51883997,Perry Steven,author,http://www.wikidata.org/entity/Q482980,KU Natural History Museum,http://www.wikidata.org/entity/Q1111807
http://rs-test.tdwg.org/tapir/doc/specification/2010-05-05,http://www.wikidata.org/entity/Q51883977,Piers Higgs,review manager,http://www.wikidata.org/entity/Q2462658,,
http://rs-test.tdwg.org/tapir/doc/xmlschema/2009-02-05,http://orcid.org/0000-0002-7104-7266,Renato De Giovanni,lead author,http://www.wikidata.org/entity/Q482980,Centro de Referência em Informação Ambiental,http://www.wikidata.org/entity/Q29168927
http://rs-test.tdwg.org/tapir/doc/conceptaliases/2015-06-01,http://orcid.org/0000-0002-7104-7266,Renato De Giovanni,lead author,http://www.wikidata.org/entity/Q482980,Centro de Referência em Informação Ambiental,http://www.wikidata.org/entity/Q29168927
http://rs-test.tdwg.org/tapir/doc/guide/2015-06-03,http://www.wikidata.org/entity/Q51883987,Charles Copp,lead author,http://www.wikidata.org/entity/Q482980,Environmental Information Management ,
http://rs-test.tdwg.org/tapir/doc/guide/2015-06-03,http://orcid.org/0000-0002-7104-7266,Renato De Giovanni,lead author,http://www.wikidata.org/entity/Q482980,Centro de Referência em Informação Ambiental,http://www.wikidata.org/entity/Q29168927
http://rs-test.tdwg.org/tapir/doc/guide/2015-06-03,http://orcid.org/0000-0001-8900-6203,Lee Belbin,reviewer,http://www.wikidata.org/entity/Q51051312,TDWG Infrastructure Project,http://www.wikidata.org/entity/Q4914768
http://rs-test.tdwg.org/tapir/doc/guide/2015-06-03,http://orcid.org/0000-0001-7757-1889,Markus Döring,reviewer,http://www.wikidata.org/entity/Q51051312,Botanic Garden and Botanical Museum Berlin-Dahlem ,http://www.wikidata.org/entity/Q163255
http://rs-test.tdwg.org/tapir/doc/models/2015-11-25,http://orcid.org/0000-0002-7104-7266,Renato De Giovanni,lead author,http://www.wikidata.org/entity/Q482980,Centro de Referência em Informação Ambiental,http://www.wikidata.org/entity/Q29168927
http://rs-test.tdwg.org/abcd/doc/primer/2006-07-27,http://orcid.org/0000-0003-2231-6228,Neil Thomson,author,http://www.wikidata.org/entity/Q482980,"Natural History Museum, London",http://www.wikidata.org/entity/Q309388
http://rs-test.tdwg.org/abcd/doc/primer/2006-07-27,http://orcid.org/0000-0001-7757-1889,Markus Döring,author,http://www.wikidata.org/entity/Q482980,Botanic Garden and Botanical Museum Berlin-Dahlem ,http://www.wikidata.org/entity/Q163255
http://rs-test.tdwg.org/abcd/doc/primer/2006-07-27,http://orcid.org/0000-0002-7104-7266,Renato De Giovanni,author,http://www.wikidata.org/entity/Q482980,Centro de Referência em Informação Ambiental,http://www.wikidata.org/entity/Q29168927
http://rs-test.tdwg.org/abcd/doc/primer/2006-07-27,http://www.wikidata.org/entity/Q51883962,Javier de la Torre,author,http://www.wikidata.org/entity/Q482980,Botanic Garden and Botanical Museum Berlin-Dahlem ,http://www.wikidata.org/entity/Q163255
http://rs-test.tdwg.org/abcd/doc/primer/2006-07-27,http://orcid.org/0000-0001-9945-7606,Walter G. Berendsohn,author,http://www.wikidata.org/entity/Q482980,Botanic Garden and Botanical Museum Berlin-Dahlem ,http://www.wikidata.org/entity/Q163255
http://rs-test.tdwg.org/abcd/doc/primer/2006-07-27,http://orcid.org/0000-0002-3090-1761,Wouter Addink,author,http://www.wikidata.org/entity/Q482980,"Expertise Centre for Taxonomic Identification, Amsterdam ",http://www.wikidata.org/entity/Q51926832
http://rs-test.tdwg.org/abcd/doc/primer/2006-07-27,http://orcid.org/0000-0003-2863-2491,William Ulate ,author,http://www.wikidata.org/entity/Q482980,"INBioparque, Santo Domingo de Heredia ",
http://rs-test.tdwg.org/abcd/doc/xmlschema/2007-06-13,http://orcid.org/0000-0001-9945-7606,Walter G. Berendsohn,lead author,http://www.wikidata.org/entity/Q482980,Botanic Garden and Botanical Museum Berlin-Dahlem ,http://www.wikidata.org/entity/Q163255
http://rs-test.tdwg.org/sdd/doc/introduction/2006-05-11,http://orcid.org/0000-0001-7023-7386,Gregor Hagedorn,author,http://www.wikidata.org/entity/Q482980,Julius Kühn Institute ,http://www.wikidata.org/entity/Q832099
http://rs-test.tdwg.org/sdd/doc/introduction/2006-05-11,http://orcid.org/0000-0002-6658-6636,Kevin R. Thiele,author,http://www.wikidata.org/entity/Q482980,Western Australian Herbarium ,http://www.wikidata.org/entity/Q7987522
http://rs-test.tdwg.org/sdd/doc/introduction/2006-05-11,http://orcid.org/0000-0002-6992-9446,Robert A. Morris,author,http://www.wikidata.org/entity/Q482980,"University of Massachusetts at Boston, USA",http://www.wikidata.org/entity/Q15144
http://rs-test.tdwg.org/sdd/doc/introduction/2006-05-11,http://orcid.org/0000-0002-4601-8180,P. Bryan Heidorn,author,http://www.wikidata.org/entity/Q482980,University of Illinois at Urbana-Champaign,http://www.wikidata.org/entity/Q457281
http://rs-test.tdwg.org/sdd/doc/xmlschema/2006-05-11,http://orcid.org/0000-0001-7023-7386,Gregor Hagedorn,author,http://www.wikidata.org/entity/Q482980,Julius Kühn Institute ,http://www.wikidata.org/entity/Q832099
http://rs-test.tdwg.org/sdd/doc/xmlschema/2006-05-11,http://orcid.org/0000-0002-6658-6636,Kevin R. Thiele,author,http://www.wikidata.org/entity/Q482980,Western Australian Herbarium ,http://www.wikidata.org/entity/Q7987522
http://rs-test.tdwg.org/sdd/doc/xmlschema/2006-05-11,http://orcid.org/0000-0002-6992-9446,Robert A. Morris,author,http://www.wikidata.org/entity/Q482980,"University of Massachusetts at Boston, USA",http://www.wikidata.org/entity/Q15144
http://rs-test.tdwg.org/tcs/doc/guide/2006-09-21,http://orcid.org/0000-0002-0023-2595,Jessie Kennedy,author,http://www.wikidata.org/entity/Q482980,Napier University ,http://www.wikidata.org/entity/Q1277357
http://rs-test.tdwg.org/tcs/doc/guide/2006-09-21,http://orcid.org/0000-0003-4581-1379,Roger Hyam,author,http://www.wikidata.org/entity/Q482980,TDWG Infrastructure Project,http://www.wikidata.org/entity/Q4914768
http://rs-test.tdwg.org/tcs/doc/xmlschema/2006-09-21,http://orcid.org/0000-0002-0023-2595,Jessie Kennedy,author,http://www.wikidata.org/entity/Q482980,Napier University ,http://www.wikidata.org/entity/Q1277357
http://rs-test.tdwg.org/tcs/doc/xmlschema/2006-09-21,http://orcid.org/0000-0003-4581-1379,Roger Hyam,author,http://www.wikidata.org/entity/Q482980,TDWG Infrastructure Project,http://www.wikidata.org/entity/Q4914768
http://rs-test.tdwg.org/delta/doc/definition/2005-09-13,http://viaf.org/viaf/48257155,Michael J. Dallwitz,author,http://www.wikidata.org/entity/Q482980,,
http://rs-test.tdwg.org/delta/doc/definition/2005-09-13,http://viaf.org/viaf/276948380,Toni Anne Paine,author,http://www.wikidata.org/entity/Q482980,,
http://rs-test.tdwg.org/ncd/doc/guide/2008-08-12,http://orcid.org/0000-0003-2231-6228,Neil Thomson,author,http://www.wikidata.org/entity/Q482980,"Natural History Museum, London",http://www.wikidata.org/entity/Q309388
http://rs-test.tdwg.org/ncd/doc/guide/2008-08-12,http://orcid.org/0000-0003-4581-1379,Roger Hyam,author,http://www.wikidata.org/entity/Q482980,"Royal Botanic Garden, Edinburgh",http://www.wikidata.org/entity/Q1807521
http://rs-test.tdwg.org/ncd/doc/guide/2008-08-12,http://orcid.org/0000-0002-8339-728X,Constance Rinaldo,author,http://www.wikidata.org/entity/Q482980,Harvard University,http://www.wikidata.org/entity/Q13371
http://rs-test.tdwg.org/ncd/doc/guide/2008-08-12,http://orcid.org/0000-0001-9382-5594,Carol Roetzel Butler,author,http://www.wikidata.org/entity/Q482980,Smithsonian Institution,http://www.wikidata.org/entity/Q131626
http://rs-test.tdwg.org/ncd/doc/guide/2008-08-12,http://rs-test.tdwg.org/contributor/3,Doug Holland,author,http://www.wikidata.org/entity/Q482980,Missouri Botanical Garden,http://www.wikidata.org/entity/Q1852803
http://rs-test.tdwg.org/ncd/doc/guide/2008-08-12,http://viaf.org/viaf/236192,Barbara Mathé,author,http://www.wikidata.org/entity/Q482980,American Museum of Natural History,
http://rs-test.tdwg.org/ncd/doc/guide/2008-08-12,http://orcid.org/0000-0002-4737-745X,Günter Waibel,author,http://www.wikidata.org/entity/Q482980,"RLG Programs, OCLC",
http://rs-test.tdwg.org/ncd/doc/guide/2008-08-12,http://orcid.org/0000-0002-3090-1761,Wouter Addink,author,http://www.wikidata.org/entity/Q482980,Expertise Centre for Taxonomic Identification Bioinformatics,http://www.wikidata.org/entity/Q51926832
http://rs-test.tdwg.org/ncd/doc/guide/2008-08-12,http://viaf.org/viaf/278739412,Ruud Altenburg,author,http://www.wikidata.org/entity/Q482980,Expertise Centre for Taxonomic Identification,http://www.wikidata.org/entity/Q51926832
http://rs-test.tdwg.org/ncd/doc/specification/2008-08-12,http://orcid.org/0000-0003-2231-6228,Neil Thomson,author,http://www.wikidata.org/entity/Q482980,"Natural History Museum, London",http://www.wikidata.org/entity/Q309388
http://rs-test.tdwg.org/ncd/doc/specification/2008-08-12,http://orcid.org/0000-0003-4581-1379,Roger Hyam,author,http://www.wikidata.org/entity/Q482980,"Royal Botanic Garden, Edinburgh",http://www.wikidata.org/entity/Q1807521
http://rs-test.tdwg.org/ncd/doc/specification/2008-08-12,http://orcid.org/0000-0002-8339-728X,Constance Rinaldo,author,http://www.wikidata.org/entity/Q482980,Harvard University,http://www.wikidata.org/entity/Q13371
http://rs-test.tdwg.org/ncd/doc/specification/2008-08-12,http://orcid.org/0000-0001-9382-5594,Carol Roetzel Butler,author,http://www.wikidata.org/entity/Q482980,Smithsonian Institution,http://www.wikidata.org/entity/Q131626
http://rs-test.tdwg.org/ncd/doc/specification/2008-08-12,http://rs-test.tdwg.org/contributor/3,Doug Holland,author,http://www.wikidata.org/entity/Q482980,Missouri Botanical Garden,http://www.wikidata.org/entity/Q1852803
http://rs-test.tdwg.org/ncd/doc/specification/2008-08-12,http://viaf.org/viaf/236192,Barbara Mathé,author,http://www.wikidata.org/entity/Q482980,American Museum of Natural History,http://www.wikidata.org/entity/Q217717
http://rs-test.tdwg.org/ncd/doc/specification/2008-08-12,http://orcid.org/0000-0002-4737-745X,Günter Waibel,author,http://www.wikidata.org/entity/Q482980,"RLG Programs, OCLC",http://www.wikidata.org/entity/Q190593
http://rs-test.tdwg.org/ncd/doc/specification/2008-08-12,http://orcid.org/0000-0002-3090-1761,Wouter Addink,author,http://www.wikidata.org/entity/Q482980,Expertise Centre for Taxonomic Identification Bioinformatics,http://www.wikidata.org/entity/Q51926832
http://rs-test.tdwg.org/ncd/doc/specification/2008-08-12,http://viaf.org/viaf/278739412,Ruud Altenburg,author,http://www.wikidata.org/entity/Q482980,Expertise Centre for Taxonomic Identification,http://www.wikidata.org/entity/Q51926832
http://rs-test.tdwg.org/abcddna/doc/guide/2010-08-04,http://rs-test.tdwg.org/contributor/12,Gabriele Dröge,author,http://www.wikidata.org/entity/Q482980,Botanic Garden and Botanical Museum Berlin-Dahlem ,http://www.wikidata.org/entity/Q163255
http://rs-test.tdwg.org/abcddna/doc/guide/2010-08-04,http://viaf.org/viaf/77423299,Holger Zetzsche,author,http://www.wikidata.org/entity/Q482980,Botanic Garden and Botanical Museum Berlin-Dahlem ,http://www.wikidata.org/entity/Q163255
http://rs-test.tdwg.org/abcddna/doc/guide/2010-08-04,http://viaf.org/viaf/265750549,Birgit Gemeinholzer,author,http://www.wikidata.org/entity/Q482980,Botanic Garden and Botanical Museum Berlin-Dahlem ,http://www.wikidata.org/entity/Q163255
http://rs-test.tdwg.org/abcddna/doc/guide/2010-08-04,http://orcid.org/0000-0002-4325-4030,Anton Güntsch,author,http://www.wikidata.org/entity/Q482980,Botanic Garden and Botanical Museum Berlin-Dahlem ,http://www.wikidata.org/entity/Q163255
http://rs-test.tdwg.org/abcddna/doc/guide/2010-08-04,http://purl.oclc.org/net/edu.harvard.huh/guid/uuid/21e8d5c7-464f-41c3-9e9c-1ce09b0d4f1f,Wolf-Henning Kusber,author,http://www.wikidata.org/entity/Q482980,Botanic Garden and Botanical Museum Berlin-Dahlem ,http://www.wikidata.org/entity/Q163255
http://rs-test.tdwg.org/abcddna/doc/guide/2010-08-04,http://rs-test.tdwg.org/contributor/14,Patricia Kelbert,author,http://www.wikidata.org/entity/Q482980,Botanic Garden and Botanical Museum Berlin-Dahlem ,http://www.wikidata.org/entity/Q163255
http://rs-test.tdwg.org/abcddna/doc/guide/2010-08-04,http://www.bgbm.org/de/personal/joerg-holetschek,Jörg Holetschek,author,http://www.wikidata.org/entity/Q482980,Botanic Garden and Botanical Museum Berlin-Dahlem ,http://www.wikidata.org/entity/Q163255
http://rs-test.tdwg.org/abcddna/doc/guide/2010-08-04,http://orcid.org/0000-0001-9945-7606,Walter G. Berendsohn,author,http://www.wikidata.org/entity/Q482980,Botanic Garden and Botanical Museum Berlin-Dahlem ,http://www.wikidata.org/entity/Q163255
http://rs-test.tdwg.org/abcddna/doc/xmlschema/2010-08-04,http://rs-test.tdwg.org/contributor/12,Gabriele Dröge,editor,http://www.wikidata.org/entity/Q1607826,Botanic Garden and Botanical Museum Berlin-Dahlem ,http://www.wikidata.org/entity/Q163255
http://rs-test.tdwg.org/hispid/doc/specification/2007-05-11,http://orcid.org/0000-0001-9832-3809,Barry J. Conn,editor,http://www.wikidata.org/entity/Q1607826,,
http://rs-test.tdwg.org/hispid/doc/specification/1993,http://purl.oclc.org/net/edu.harvard.huh/guid/uuid/2cc63ca1-b259-4e93-bbaf-99f8086b3b32,Anthony Whalen,editor,http://www.wikidata.org/entity/Q1607826,,
http://rs-test.tdwg.org/hispid/doc/specification/1989,http://purl.oclc.org/net/edu.harvard.huh/guid/uuid/2d037108-affb-442d-a704-20d5ad524e6c,Jim R. Croft,editor,http://www.wikidata.org/entity/Q1607826,,
http://rs-test.tdwg.org/ebdc/doc/specification/1995,http://viaf.org/viaf/61185227,Frances E. M. Cook,author,http://www.wikidata.org/entity/Q482980,"Royal Botanic Gardens, Kew",http://www.wikidata.org/entity/Q18748726
http://rs-test.tdwg.org/poss/doc/specification/1995-11,http://viaf.org/viaf/17299201,Hugh Synge,author,http://www.wikidata.org/entity/Q482980,IUCN Conservation Monitoring Centre,http://www.wikidata.org/entity/Q30296226
http://rs-test.tdwg.org/pnbd/doc/specification/1994-12,http://viaf.org/viaf/44359106,Frank A Bisby ,author,http://www.wikidata.org/entity/Q482980,University of Southampton ,http://www.wikidata.org/entity/Q76473
http://rs-test.tdwg.org/apn/doc/data/1992,http://viaf.org/viaf/41921927,Richard K. Brummitt,author,http://www.wikidata.org/entity/Q482980,,
http://rs-test.tdwg.org/apn/doc/data/1992,http://viaf.org/viaf/49306391,C. Emma Powell,author,http://www.wikidata.org/entity/Q482980,,
http://rs-test.tdwg.org/wgsrpd/doc/data/2001-08,http://viaf.org/viaf/41921927,Richard K. Brummitt,author,http://www.wikidata.org/entity/Q482980,,
http://rs-test.tdwg.org/wgsrpd/doc/data/2001-08,http://orcid.org/0000-0002-6321-9398,Francisco Pando,author,http://www.wikidata.org/entity/Q482980,,
http://rs-test.tdwg.org/wgsrpd/doc/data/2001-08,http://viaf.org/viaf/26204975,S. Hollis,author,http://www.wikidata.org/entity/Q482980,,
http://rs-test.tdwg.org/wgsrpd/doc/data/2001-08,http://purl.oclc.org/net/edu.harvard.huh/guid/uuid/1f870a85-7a31-473e-ad76-fcce00469c83,Neil A. Brummitt,author,http://www.wikidata.org/entity/Q482980,,
http://rs-test.tdwg.org/xdf/doc/1992,http://viaf.org/viaf/232871584,Richard J. White,author,http://www.wikidata.org/entity/Q482980,,
http://rs-test.tdwg.org/xdf/doc/1992,http://viaf.org/viaf/64067143,Robert Allkin,author,http://www.wikidata.org/entity/Q482980,,
http://rs-test.tdwg.org/bphsup/doc/book/1991,http://viaf.org/viaf/41889168,Gavin D. R. Bridson,author,http://www.wikidata.org/entity/Q482980,,
http://rs-test.tdwg.org/bphsup/doc/book/1991,http://viaf.org/viaf/76413207,Elizabeth R. Smith,author,http://www.wikidata.org/entity/Q482980,,
http://rs-test.tdwg.org/ih/doc/book/1990,http://viaf.org/viaf/5004494,Patricia K. Holmgren,editor,http://www.wikidata.org/entity/Q1607826,,
http://rs-test.tdwg.org/ih/doc/book/1990,http://viaf.org/viaf/69002167,Noel H. Holmgren,editor,http://www.wikidata.org/entity/Q1607826,,
http://rs-test.tdwg.org/ih/doc/book/1990,http://viaf.org/viaf/66539117,Lisa C. Barnett,editor,http://www.wikidata.org/entity/Q1607826,,
http://rs-test.tdwg.org/itfbgpr/doc/specification/1987-09-15,http://viaf.org/viaf/17299201,Hugh Synge,lead author,http://www.wikidata.org/entity/Q482980,IUCN Conservation Monitoring Centre,http://www.wikidata.org/entity/Q30296226
http://rs-test.tdwg.org/itfbgpr/doc/specification/1987-09-15,http://www.wikidata.org/entity/Q51885175,Duncan Mackinder,author,http://www.wikidata.org/entity/Q482980,IUCN Conservation Monitoring Centre,http://www.wikidata.org/entity/Q30296226
http://rs-test.tdwg.org/itfbgpr/doc/specification/1987-09-15,http://viaf.org/viaf/61595508,James Cullen,author,http://www.wikidata.org/entity/Q482980,"Royal Botanic Garden, Edinburgh",http://www.wikidata.org/entity/Q1807521
http://rs-test.tdwg.org/itfbgpr/doc/specification/1987-09-15,http://viaf.org/viaf/69104243,Kerry Walter,author,http://www.wikidata.org/entity/Q482980,"Center for Plant Conservation, Massachusetts",http://www.wikidata.org/entity/Q1861089
http://rs-test.tdwg.org/itfbgpr/doc/specification/1987-09-15,http://orcid.org/0000-0001-8905-5638,Michael Lear,author,http://www.wikidata.org/entity/Q482980,"Royal Botanic Gardens, Kew",http://www.wikidata.org/entity/Q18748726
http://rs-test.tdwg.org/itfbgpr/doc/specification/1987-09-15,http://viaf.org/viaf/112328349,Peter Wyse Jackson,author,http://www.wikidata.org/entity/Q482980,Botanic Gardens Conservation Secretariat,http://www.wikidata.org/entity/Q1339511
http://rs-test.tdwg.org/itfbgpr/doc/specification/1998,http://viaf.org/viaf/194025057,Diane Wyse Jackson,lead author,http://www.wikidata.org/entity/Q482980,Botanic Gardens Conservation International,http://www.wikidata.org/entity/Q1339511
http://rs-test.tdwg.org/itfbgpr/doc/specification/1998,http://www.wikidata.org/entity/Q51885215,Christopher Hobson,editor,http://www.wikidata.org/entity/Q1607826,Botanic Gardens Conservation International,http://www.wikidata.org/entity/Q1339511
http://rs-test.tdwg.org/itfbgpr/doc/specification/1998,http://viaf.org/viaf/92780116,Barry Conn,editor,http://www.wikidata.org/entity/Q1607826,Botanic Gardens Conservation International,http://www.wikidata.org/entity/Q1339511
http://rs-test.tdwg.org/itfbgpr/doc/specification/1998,http://viaf.org/viaf/41424576,Richard Piacentini,editor,http://www.wikidata.org/entity/Q1607826,Botanic Gardens Conservation International,http://www.wikidata.org/entity/Q1339511
http://rs-test.tdwg.org/itfbgpr/doc/specification/1998,http://orcid.org/0000-0002-5705-8655,Steve Waldren,editor,http://www.wikidata.org/entity/Q1607826,Botanic Gardens Conservation International,http://www.wikidata.org/entity/Q1339511
http://rs-test.tdwg.org/itfbgpr/doc/specification/1998,http://www.wikidata.org/entity/Q51892660,Chris Ward,editor,http://www.wikidata.org/entity/Q1607826,Botanic Gardens Conservation International,http://www.wikidata.org/entity/Q1339511
http://rs-test.tdwg.org/itfbgpr/doc/specification/1998,http://orcid.org/0000-0002-2524-2773,Ken Bailey,author,http://www.wikidata.org/entity/Q482980,"Royal Botanic Garden, Kew",http://www.wikidata.org/entity/Q18748726
http://rs-test.tdwg.org/itfbgpr/doc/specification/1998,http://viaf.org/viaf/112328349,Peter Wyse Jackson,author,http://www.wikidata.org/entity/Q482980,Botanic Gardens Conservation International,http://www.wikidata.org/entity/Q1339511
http://rs-test.tdwg.org/itfbgpr/doc/specification/1998,http://orcid.org/0000-0002-4726-7373,Simon Thornton Wood,author,http://www.wikidata.org/entity/Q482980,Royal Horticultural Society,http://www.wikidata.org/entity/Q1032739
http://rs-test.tdwg.org/itfbgpr/doc/specification/1998,http://viaf.org/viaf/69104243,Kerry Walter,author,http://www.wikidata.org/entity/Q482980,"BG-BASE and Royal Botanic Garden, Edinburgh",http://www.wikidata.org/entity/Q1807521
http://rs-test.tdwg.org/frw/doc/book/1986-09-04,http://viaf.org/viaf/19771885,Armen Leonovich Takhtajan,author,http://www.wikidata.org/entity/Q482980,,
http://rs-test.tdwg.org/frw/doc/book/1986-09-04,http://viaf.org/viaf/91310738,Theodore J. Crovello,translator,http://www.wikidata.org/entity/Q333634,,
http://rs-test.tdwg.org/frw/doc/book/1986-09-04,http://viaf.org/viaf/61620062,Arthur Cronquist,editor,http://www.wikidata.org/entity/Q1607826,,
http://rs-test.tdwg.org/bph/doc/1968,http://viaf.org/viaf/70015363,George H. M. Lawrence,author,http://www.wikidata.org/entity/Q482980,,
http://rs-test.tdwg.org/bph/doc/1968,http://viaf.org/viaf/459669,A. F. Günther Buchheim,author,http://www.wikidata.org/entity/Q482980,,
http://rs-test.tdwg.org/bph/doc/1968,http://viaf.org/viaf/285654376,Gilbert S. Daniels,author,http://www.wikidata.org/entity/Q482980,,
http://rs-test.tdwg.org/bph/doc/1968,http://viaf.org/viaf/100012671,Helmut Dolezal,author,http://www.wikidata.org/entity/Q482980,,
http://rs-test.tdwg.org/bph/doc/2004,http://viaf.org/viaf/41889168,Gavin D. R. Bridson,author,http://www.wikidata.org/entity/Q482980,Hunt Institute,http://www.wikidata.org/entity/Q43555311
http://rs-test.tdwg.org/tl/doc/v1/1976,http://viaf.org/viaf/270400376,Frans A. Stafleu,lead author,http://www.wikidata.org/entity/Q482980,,
http://rs-test.tdwg.org/tl/doc/v2/1979,http://viaf.org/viaf/270400376,Frans A. Stafleu,lead author,http://www.wikidata.org/entity/Q482980,,
http://rs-test.tdwg.org/tl/doc/v3/1981,http://viaf.org/viaf/270400376,Frans A. Stafleu,lead author,http://www.wikidata.org/entity/Q482980,,
http://rs-test.tdwg.org/tl/doc/v4/1983,http://viaf.org/viaf/270400376,Frans A. Stafleu,lead author,http://www.wikidata.org/entity/Q482980,,
http://rs-test.tdwg.org/tl/doc/v5/1985,http://viaf.org/viaf/270400376,Frans A. Stafleu,lead author,http://www.wikidata.org/entity/Q482980,,
http://rs-test.tdwg.org/tl/doc/v6/1986,http://viaf.org/viaf/270400376,Frans A. Stafleu,lead author,http://www.wikidata.org/entity/Q482980,,
http://rs-test.tdwg.org/tl/doc/v7/1988,http://viaf.org/viaf/270400376,Frans A. Stafleu,lead author,http://www.wikidata.org/entity/Q482980,,
http://rs-test.tdwg.org/tl/doc/s1/1992,http://viaf.org/viaf/270400376,Frans A. Stafleu,lead author,http://www.wikidata.org/entity/Q482980,,
http://rs-test.tdwg.org/tl/doc/s2/1993,http://viaf.org/viaf/270400376,Frans A. Stafleu,lead author,http://www.wikidata.org/entity/Q482980,,
http://rs-test.tdwg.org/tl/doc/s3/1995,http://viaf.org/viaf/270400376,Frans A. Stafleu,lead author,http://www.wikidata.org/entity/Q482980,,
http://rs-test.tdwg.org/tl/doc/s4/1997,http://viaf.org/viaf/270400376,Frans A. Stafleu,lead author,http://www.wikidata.org/entity/Q482980,,
http://rs-test.tdwg.org/tl/doc/s5/1998,http://viaf.org/viaf/270400376,Frans A. Stafleu,lead author,http://www.wikidata.org/entity/Q482980,,
http://rs-test.tdwg.org/tl/doc/s6/2000,http://viaf.org/viaf/270400376,Frans A. Stafleu,lead author,http://www.wikidata.org/entity/Q482980,,
http://rs-test.tdwg.org/tl/doc/v1/1976,http://viaf.org/viaf/9863210,Richard S. Cowan,author,http://www.wikidata.org/entity/Q482980,,
http://rs-test.tdwg.org/tl/doc/v2/1979,http://viaf.org/viaf/9863210,Richard S. Cowan,author,http://www.wikidata.org/entity/Q482980,,
http://rs-test.tdwg.org/tl/doc/v3/1981,http://viaf.org/viaf/9863210,Richard S. Cowan,author,http://www.wikidata.org/entity/Q482980,,
http://rs-test.tdwg.org/tl/doc/v4/1983,http://viaf.org/viaf/9863210,Richard S. Cowan,author,http://www.wikidata.org/entity/Q482980,,
http://rs-test.tdwg.org/tl/doc/v5/1985,http://viaf.org/viaf/9863210,Richard S. Cowan,author,http://www.wikidata.org/entity/Q482980,,
http://rs-test.tdwg.org/tl/doc/v6/1986,http://viaf.org/viaf/9863210,Richard S. Cowan,author,http://www.wikidata.org/entity/Q482980,,
http://rs-test.tdwg.org/tl/doc/v7/1988,http://viaf.org/viaf/9863210,Richard S. Cowan,author,http://www.wikidata.org/entity/Q482980,,
http://rs-test.tdwg.org/tl/doc/s7/2008,http://viaf.org/viaf/80432287,Laurence J. Dorr,author,http://www.wikidata.org/entity/Q482980,,
http://rs-test.tdwg.org/tl/doc/s8/2009,http://viaf.org/viaf/80432287,Laurence J. Dorr,author,http://www.wikidata.org/entity/Q482980,,
http://rs-test.tdwg.org/tl/doc/s1/1992,http://viaf.org/viaf/11457657,Erik A. Mennega,author,http://www.wikidata.org/entity/Q482980,,
http://rs-test.tdwg.org/tl/doc/s2/1993,http://viaf.org/viaf/11457657,Erik A. Mennega,author,http://www.wikidata.org/entity/Q482980,,
http://rs-test.tdwg.org/tl/doc/s3/1995,http://viaf.org/viaf/11457657,Erik A. Mennega,author,http://www.wikidata.org/entity/Q482980,,
http://rs-test.tdwg.org/tl/doc/s4/1997,http://viaf.org/viaf/11457657,Erik A. Mennega,author,http://www.wikidata.org/entity/Q482980,,
http://rs-test.tdwg.org/tl/doc/s5/1998,http://viaf.org/viaf/11457657,Erik A. Mennega,author,http://www.wikidata.org/entity/Q482980,,
http://rs-test.tdwg.org/tl/doc/s6/2000,http://viaf.org/viaf/11457657,Erik A. Mennega,author,http://www.wikidata.org/entity/Q482980,,
http://rs-test.tdwg.org/tl/doc/s7/2008,http://viaf.org/viaf/84746223,Dan H. Nicolson,author,http://www.wikidata.org/entity/Q482980,,
http://rs-test.tdwg.org/tl/doc/s8/2009,http://viaf.org/viaf/84746223,Dan H. Nicolson,author,http://www.wikidata.org/entity/Q482980,,
